headline,labels
Hành khách 'đại náo' bằng miệng khiến Tề Thiên cũng phải bái phục,1
'Giật gân' về sự lạc hậu của y tế,1
Tham nhũng vặt luôn có mặt trên từng cây số,1
Đảo Ngọc ngập nhờ... nước,1
Luật 'đá' luật,1
Khi đại dương lên tiếng,1
5 năm rưỡi không tiếp dân ngày nào!,1
Mạng người chả quý bằng xe,1
Biếm họa: Tội nghiệp thằng ống hút...,1
Biếm họa: chọn ngành hay để ngành chọn mình?,1
Cử tri nhớn nhác hỏi nhau: Đại diện của tớ đi đâu mất rồi?,1
Xe công việc tư,1
Biếm họa 'thể thao khiêu dâm',1
Mày biết tao là ai không?,1
Lọc lừa có bữa cá tra 'phản thùng',1
"Chờ đủ kinh nghiệm, 'thôi rồi Lượm ơi!'",1
Luật lệ lỏng lẻo béo cho kẻ lừa,1
Tham nhũng vặt 'có mặt trên từng cây số',1
Vì sao chúng ta cần phải học tiếng Anh,1
Ôn thi xưa và nay,1
"Chim thần ăn khế trả hóa đơn tiền điện, lời quá lời!",1
Khi khẩu vị 'cãi lộn' với Michelin,1
Gỏi gà măng cụt sẽ kéo dài trong bao lâu?,1
Vì sao sếp tôi mua ô tô điện?,1
'Cục gạch' lại lên ngôi mùa cúp điện,1
Năm học thành công tốt đẹp,1
Khoe con: Con mà là số 2 thì không ai số 1,1
Con tui là học sinh giỏi nè!,1
Bạn cũ lâu ngày không gặp,1
"Cầu thủ cúp điện ra sân, đội bạn đầu hàng ngay từ đầu",1
Ông bố té ngửa vì lời nói đầu đời của con trai,1
"Cục nợ đến từ hư vô: Crush làm, cam chịu!",1
Tuổi Trẻ Cười số 15-6-2023: Cúp điện và có điện luân phiên,1
Sinh viên người nhện có việc làm 100%,1
'Giải pháp chống ngập bằng lu' qua con mắt họa sĩ biếm,1
Thủ khoa 6 giây,1
Phúc XO - Thật thật giả giả,1
Chủ tịch giả nghèo và cái kết,1
10 biện pháp vui để hạ giá xăng dầu,1
Cái kết đắng của những người cái gì cũng muốn miễn phí,1
Bán bò tậu được ếch ương,1
Con mèo mà trèo cây cau,1
Xứ hoa thành 'xứ họa',1
Biếm họa về 'đại gia điếu cày',1
"Công ty bị thanh tra, kiểm tra đến 138 lần!",1
Hỏi ra mới biết BOT ăn hết rồi,1
Tiếng gáy con gà trống làm 'dậy sóng' nước Pháp,1
Xây sân bay 'thỏa mãn khâu oai',1
Cây ngay sợ gì chết đứng?,1
Đánh thuế điện thoại,1
Biếm họa: Giang hồ cõi mạng,1
Mất bằng cưỡi ngựa thì phải học lại,1
Khi người Việt đổ thừa,1
Biếm họa siêu xe quái thú tại Việt Nam,1
Mùa xuân có hội chợ cười!,1
Hội khoe con đến hẹn lại lên: Học sinh giỏi tràn ngập mạng xã hội,1
Bi hài 'đại học mầm non' có tỉ lệ chọi cao ngất ngưởng,1
Ôtô đậu trước cửa nhà: Ai cũng có cái lý của mình,1
Văn hóa giao thông 'tiện nhưng không lợi',1
Giá như ai cũng... đầy bình,1
'Cò đặc sản' làm xấu hình ảnh Đà Lạt,1
Đi du lịch vừa chen lấn ê ẩm vừa lo 'có quà mang về',1
Quan chức bị bệnh gì lạ ghê!,1
"Quan chức, cò môi giới... cạnh tranh mua nhà ở xã hội với người nghèo",1
Bà con hụt hẫng với miếng 'bánh vẽ' 134.000 căn hộ nhà ở xã hội,1
Một cuộc 'đi săn' nhà ở xã hội,1
Bạn sẽ làm gì nếu được trở về tuổi thơ trong 24 giờ?,1
Nghịch lý từ trong bụng mẹ đến khi đi mua nhà ở xã hội,1
"Sinh viên có việc làm cao ngất ngưởng, nhiều ngành đạt 100%",1
Lý do mất ngủ của sinh viên,1
Nghịch lý lớp 1: Con gà có trước hay quả trứng có trước?,1
"Làm đẹp học bạ, làm hại học sinh",1
Làm đẹp học bạ: Xạo với nhân gian một điểm mười,1
Mâu thuẫn khi cha mẹ chọn ngành nghề đại học thay con,1
Thí sinh 2022: Ráng xíu nữa là đậu đại học rồi!,1
10 lý do không tậu bằng tiến sĩ: Tui dốt chứ không có dại!,1
Nếu cứ nghiên cứu là trở thành tiến sĩ...,1
Chim ưng gọi đại bàng: Hãy tiết kiệm điện ngay!,1
"Trời hanh vật khô, cẩn thận... cắt điện",1
Thần tiên hục hặc vì cúp điện,1
Ô tô điện 'nửa nạc nửa mỡ' thời cúp điện,1
Chiến thuật tiết kiệm điện... 'đi vào lòng đất',1
Một nạn nhân bị sốc nhiệt cuối tháng,1
"Đau đầu với điện, nước mùa nóng",1
Quạt mo thương hiệu Thằng Bờm cháy hàng,1
Mùa hè về trên những chiếc yên xe,1
Nắng nóng thay đổi cả truyện cổ tích,1
Giải nóng mùa hè: Tuy buồn nhưng... mát,1
Tôi đi ăn sáng thời giá điện tăng,1
Điện thiếu trong thế thừa,1
Tuổi Trẻ Cười số 15-5-2023: Chân dung ông sếp 3 sợ,1
Tuổi Trẻ Cười số 1-5-2023: Khi bạo lực 'tấn công' thành tích,1
"Người già 'tích tắc', người trẻ 'tóp tóp'",1
Trào lưu thiếu muối trên TikTok,1
Làm giàu không khó trong thời đại 4.0,1
Người đàn ông bơ vơ vì tiết kiệm điện,1
Bạo lực học đường: Tốt khoe xấu che,1
Nhà Chuột bị chê phá nát tuổi thơ của bao thế hệ,1
"Đến lượt công chúa tóc mây Disney có bản người đóng, nhan sắc nữ chính gây tranh cãi chả kém Nàng Tiên Cá",1
Chế giễu ngoại hình từ câu chuyện về nàng tiên cá da màu trên phim,1
Lãnh Thanh bị chê diễn đơ trong Nơi Giấc Mơ Tìm Về,1
Nhân vật vô lý nhất phim Cuộc Đời Vẫn Đẹp Sao,1
Phim Việt càng dài càng đuối,1
Phim doanh thu 0 đồng vì cặp nam chính chuyên đóng hài nhảm,1
Phim mới của Địch Lệ Nhiệt Ba chạm đáy rating,1
Câu thoại táo bạo của Jennie (BLACKPINK) trở thành chủ đề nóng,1
Tài tử ngất xỉu khi đóng cảnh bị bạn diễn nữ bóp cổ,1
4 mẫu sandal bạn nên từ bỏ,1
4 kiểu áo ''dìm dáng'' người mặc,1
"Brand của Linh Ngọc Đàm bị shop Taobao ''trộm'' thiết kế: Bê nguyên ảnh mẫu đi quảng cáo, còn bán giá rẻ hơn gấp 10 lần",1
Tuyển Thái Lan bị đối thủ đứng dưới 42 bậc trên BXH FIFA cầm chân,1
"Thua ĐT Việt Nam, HLV ĐT Hong Kong (Trung Quốc) đổ lỗi cho trọng tài",1
"CĐV ra về sớm, buồn phiền với màn trình diễn của đội tuyển Việt Nam",1
Chủ tịch PSG gọi Mbappe là 'kẻ phản bội',1
"Ngôi sao Man City bị HLV Pep Guardiola đối xử phũ phàng, tước quyền nhận HCV Champions League",1
Mbappe sút vỡ mặt khán giả nữ,1
Bảng xếp hạng 10 CLB mạnh nhất châu Âu: Man City bỏ xa MU,1
"Đầu tư chứng khoán qua Facebook, cô gái mất trắng 1,3 tỷ đồng",1
"Mang tăm xỉa răng dùng nhiều năm đi thẩm định, người đàn ông không dám ăn cơm khi nghe chuyên gia tiết lộ sự thật",1
Tú ông điều hành đường dây gái gọi 'Boss Long Xuyên' bị bắt giữ,1
"Quả dứa giá 350 triệu đồng là giống hiếm, được trồng bằng... nước tiểu ngựa",1
Trang Nemo lĩnh án 9 tháng tù,1
Người phụ nữ bị đâm tử vong tại chỗ do mâu thuẫn khi mua bán bò,1
"Bộ ảnh cho thấy cuộc sống không như mơ ở New York: Thực phẩm đắt đỏ, đâu đâu cũng đông đúc, thiếu vệ sinh",1
Lại xuất hiện hành vi lừa đảo làm dịch vụ BHXH ở TP.HCM,1
Dương Lệ Bình lên tiếng về điệu múa chim công gợi dục,1
"Người phụ nữ nguy kịch, phải thở máy sau khi quan hệ tình dục",1
Đình chỉ công việc nhân viên sân bay phát ngôn phản cảm khi phục vụ khách khuyết tật,1
Người mẹ sinh 5 đầu tiên ở Việt Nam bức xúc thông tin 5 chồng đẻ 5 con,1
Ranh giới giữa nghệ thuật và dung tục vụ 'Vua Nệm' thành 'Vua Nện': Cần nghiêm khắc hơn với quảng cáo phản cảm,1
"Kỳ lạ hồ nước đẹp như tranh vẽ, nhưng từng giết gần 2.000 người trong một đêm",1
Tại sao những bộ phim báo thù như The Glory lại hấp dẫn người xem đến vậy và liệu chúng có cổ xúy cho tâm lý trả thù tiêu cực?,1
Cặp đôi Vbiz kết hôn sau 5 năm chia ly - tái hợp: Xung đột căng thẳng hơn sau khi có con,1
Đạo diễn 'yêu râu xanh' phải rút khỏi giới giải trí vì quấy rối tình dục nhiều sinh viên nữ,1
Vợ cũ Đan Trường khoe ảnh gia đình hạnh phúc dù đã 'đường ai nấy đi',1
"Diễn viên Việt lên hương nhờ vai diễn sở khanh, là ông chủ của chuỗi nhà hàng hơn 100 chi nhánh",1
"Ngọc nữ Nhật Bản bị hủy phim, nhãn hàng gạch tên sau vụ ngoại tình",1
Cảnh lãng mạn hóa lãng xẹt trong phim Ấn Độ,1
Vợ cầm roi đến tận bàn bi-a gọi chồng về,1
1.001 cách gian lận của sinh viên Nhật,1
Thanh niên bị nghiệp quật vì cười bạn trượt cầu thang,1
Chú rể ngất xỉu khi thấy mặt mộc cô dâu,1
Chồng không dám ăn vì vợ chụp ảnh sống ảo,1
Thanh niên ăn sạch nho của tiệm khi nghe điện thoại,1
Cô gái hốt hoảng nhìn bộ lông mày mới,1
Chồng nhảy cùng người đẹp khiến vợ nóng mắt,1
Người đàn ông rơi xuống nước vì mải 'làm màu',1
Rashford tắt tivi khi Man City vô địch Champions League,1
"Mỹ nhân khiến Ngô Diệc Phàm vào tù bất ngờ đóng phim, dân tình ngán ngẩm: ""Ngày tàn của showbiz đã tới!""",1
Sevilla sinh ra để làm 'trùm' ở Europa League,1
Nhiều đội bóng may mắn khi được gặp Chelsea,1
Durex bắt trend Ngô Diệc Phàm quá nhạy,1
Bê bối '2 phút hơn' của Ngô Diệc Phàm: Đàn ông 2 phút có bình thường?,1
"SGDD ""tuyển trúng"" phóng viên VTV và cái kết",1
Lương tối thiểu đối đầu mức sống tối thiểu,1
Một liệu trình giúp người bệnh lên tiên,1
'SEA Games cuộc đời' vô cùng gay cấn,1
Người thu nhập thấp méo mặt với định luật vạn vật hấp dẫn,1
"Vụ kit test Việt Á: Một đồng không nhận, chỉ nhận một đống",1
Giá cả và cuộc đua... xa bờ,1
Team 'Không nhận đồng nào' lo sốt vó,1
Vì một sân vận động không... giấy vệ sinh,1
Trực tiếp bán kết 'Xăng games',1
Đu đỉnh bắt đáy,1
Du lịch ngày nay: Cả khách và chủ đều 'phòng thủ',1
Xếp hạng người đàn ông khỏe nhất khu phố,1
Nội soi quan chức 'trong sạch',1
Chiếc xe máy còn nguyên sau vụ trộm kỳ lạ,1
Bi hài chuyện học bơi trên giấy,1
Mặt hàng thời thượng vừa khỏe vừa vui,1
Tài xế công nghệ tắt app hay chạy bộ,1
Chiếc nệm hơi đa năng,1
Tết thiếu nhi đi chơi đâu?,1
Cô bé quàng khăn đỏ phiên bản 2022,1
Ông ăn gì mà phải vào đây?,1
Triệu đóa hồng... có gai,1
"Tình yêu và giá xăng: Nhất cự ly, nhì tốc độ",1
'Liều thuốc' nào cho quan tham,1
FA cũng bị 'bồ' đá,1
"Xe máy nhập viện vì giá xăng tăng kỷ lục, giảm kỳ cục",1
"Nhà làm, nhà bán chứ nhà không ăn!",1
"Xưa kia bà đẹp nhất trần, ngày nay học bạ muôn phần đẹp hơn!",1
Sếp thực hiện 'an toàn thực phẩm' khi sắp hưu,1
Rượu đa năng tiết kiệm chi phí ăn nhậu,1
Vị hiệu trưởng mất ngủ với câu hỏi khó về tiền bàn ghế,1
"Đi làm quá áp lực, người đàn ông bỏ việc bằng cách trốn vào rừng",1
Không thất nghiệp nhưng chẳng có việc làm,1
"Cô gái đi cao gót được chồng bế lên máy bay, netizen tranh cãi",1
Mãi mãi là bao lâu? Hôn nhân của Song - Song đã khiến fan ngôn tình khóc nghẹn vì câu trả lời: Là 2 năm thôi!,1
"Mãi mãi là bao lâu? Là 2 năm, 4 năm!",1
Khi con nít rành ngoại ngữ hơn tiếng mẹ đẻ,1
"'Đầu vào' lọt top ẩm thực, còn 'đầu ra' thì sao?",1
Dự án xây cầu đôi bờ,1
Kinh doanh vận tải gặp 'hố sâu' đăng kiểm,1
"Người nổi tiếng ""say quyền lực"", dân mạng ""say quyền trừng phạt""",1
5 lần 7 lượt câu view lộ liễu mà giờ ông Nawat phán xét: 'Tôi chẳng quan tâm đến lượt theo dõi',1
"Sự xấu xí của đội Hà Nội: Thắng nhờ trọng tài sai thì không sao, thua phản ứng",1
"Muốn không làm mà vẫn có tiền tiêu, người đàn ông kết hôn 4 lần và ly hôn 3 lần trong một tháng",1
Bảo hiểm 'chỉ thấy đóng vào',1
Xúc động theo mẫu,1
Phán xét 'nghèo vì thiếu nỗ lực',1
Phán xét phụ nữ mặc sexy,1
Trấn Thành lại khóc và sự bội thực chuyện người yêu cũ ở show hẹn hò,1
"Công an ập vào chung cư, phòng trọ phát hiện cảnh tượng kinh hoàng của 7 'nam thanh nữ tú'",1
"Thiếu tiền tiêu xài, 'công chúa váy trắng' ở Sơn La trộm tiệm vàng",1
Ralf Rangnick: MU cứ chơi như thắng Brentford đã không đến nỗi...,1
"Những ""chuyến tàu địa ngục"": Cơn ác mộng chưa có hồi kết của người Hàn Quốc mỗi giờ cao điểm",1
Quà cảm ơn hơn 30 tỷ đồng cho quan chức giáo dục Quảng Ninh để 'thông thầu',1
"3 án tử hình, 1 chung thân cho những kẻ gieo rắc cái chết trắng",1
Quan chức giáo dục Quảng Ninh nhận 'quà cảm ơn' 30 tỷ đồng thế nào,1
"Người đàn ông gây sốc khi để vợ nuôi 100%, còn xin thêm nhân tình 100 triệu",1
"Cha mẹ tỷ phú bất ngờ qua đời, phú nhị đại ""ngốn"" hết hơn 164 tỷ đồng thừa kế rồi trở thành người vô gia cư: Muốn con thành nhân thì trao cần câu chứ đừng cho cá",1
Phim The Idol có nội dung hạ thấp phụ nữ,1
"Xuất hiện nữ chính gây thất vọng nhất hiện nay, là Ảnh hậu nhưng diễn không nổi vì vai quá khó?",1
Loạt mỹ nhân thất bại khi lấn sân đóng phim,1
"Chi Dân và những lần ""lầm lỡ"": Bị chỉ trích vì hành động kém duyên trên mạng tới lùm xùm nghiêm trọng đến mức phải khóc lóc xin lỗi",1
Vì sao kiểu catwalk của Vũ Thu Phương bị chỉ trích làm lố?,1
"Cầm bằng thạc sĩ nhưng làm phục vụ ở quán cafe: Giới trẻ Trung Quốc rộ trào lưu nghỉ việc văn phòng để chọn công việc “vô lo vô nghĩ”, mặc kệ sự đời",1
"Tuấn Hưng bất ngờ đăng clip biểu diễn của ERIK, khẳng định 'ăn đứt' đàn em?",1
Con trai trùm giải trí Hong Kong quấn quýt vợ sau bê bối tình ái,1
"Để mất Messi, Barca còn lừa dối tất cả đến bao giờ",1
Di sản của Messi có bị hoen ố khi sang đội bét bảng tại Mỹ?,1
Nghi án con trai 'ngáo đá' sát hại cha đẻ,1
Đâm chết ‘con nợ’ và khiến 1 người bị thương vì số tiền 650 triệu đồng,1
Kane có xứng đáng để Real Madrid chi 115 triệu euro?,1
Mbappe đang phá hỏng kế hoạch của PSG,1
YouTuber nối tiếng Hàn Quốc gây sốc vì mắng chửi người yêu cũ,1
"Công thức nói dối, lừa đảo của KOL đời đầu",1
Nam diễn viên Ezra Miller không dám trả lời phỏng vấn vì loạt bê bối,1
Từ Khai Sính bị xóa mặt vì dính phốt ngoại tình với Cổ Lực Na Trát,1
Chip ‘nội địa’ Trung Quốc bị tố là Intel trá hình,1
Người Mỹ đánh mất lòng tin vào Tesla,1
Bí mật khiến Apple sắp phải trả giá ở nước Pháp,1
Nhóm nhạc Kpop tài năng nhưng nhiều tranh cãi,1
Nghị sĩ 'siêu nói dối' vừa bị bắt ở Mỹ là ai,1
"Vios vẫn ngừng bán tại Thái Lan, chủ tịch Toyota nói 'xe đủ an toàn'",1
Toyota xin lỗi nhưng không triệu hồi xe sau bê bối gian lận Daihatsu,1
"Vừa công khai tình mới, Trần Phi Vũ lại vướng bê bối khiến sự nghiệp ảnh hưởng nghiêm trọng",1
Đội bóng nghiệp dư gửi lời 'thách đấu' tuyển Trung Quốc,1
"Tuyển Trung Quốc: Không có gì ngoài tiền, thua Việt Nam vì thiếu người như bầu Đức!",1
"Miss Universe Philippines xuất hiện đầy căng thẳng, sụt giảm phong độ sau khi lộ quá khứ bê bối",1
'Myanmar hay Lào cũng có thể thắng tuyển Trung Quốc trong tương lai',1
Loạt phim bế tắc vì bê bối của diễn viên,1
Bê bối tình dục trong 'nhà tù êm ái nhất' ở Anh,1
Học sinh đến trường bằng... máy bay trực thăng,1
"Bảo Hà khoe sắc vóc rực rỡ bên H’Hen Niê, Tiểu Vy tại Ý",1
"Bị cướp giật dây chuyền, người phụ nữ vẫn cười tươi",1
Sự trở lại của thánh hài xiếc với những skill đỉnh cao,1
Thầy giáo giải '1 + mấy = bao nhiêu' vô cùng thuyết phục,1
Phụ huynh bàn chuyện học đại học,1
Chuyên gia Michelin âm thầm đánh giá quán hủ tiếu bình dân,1
NSND Bạch Tuyết bắt tay Wowy làm gì đây?,1
Ảnh vui 18-6: Bao người phải 'trông gà hóa cuốc'!,1
Cái giá của sự liều lĩnh khi idol đóng phim: Hai thành viên Blackpink bị fan quay lưng?,1
Ảnh chế tràn ngập sau khi Michelin không 'chiều lòng' người Việt,1
Cô gái không màng siêu xe,1
Trường đại học cam kết 100% sinh viên có việc làm,1
Đòi nợ thuê theo phong cách nghệ sĩ,1
Nhân viên 'giãy đành đạch' không chịu đi làm quá 4 ngày/tuần,1
"'Lộ mặt thật', YouTuber bị chê... xấu trai đến mức tức á!",1
Ảnh vui 17-6: Anh Tây diện áo xe ôm công nghệ để đu trend?,1
Cô gái đang làm MC bất ngờ được bạn trai cầu hôn,1
Bé trai giật mình khi thấy mẹ 'tàng hình' vào phòng,1
Chàng trai nhảy hip hop khi trượt chân ngã,1
Ngỗng ấp trứng công nghệ cao,1
Bé gái đánh vần 'đúng công thức nhưng sai kết quả',1
Phân loại rác thải: Việc nhỏ nhưng lợi ích lớn,1
Chồng lấy áo vợ mặc vì tưởng là quần,1
Con trai được bố hậu thuẫn cho đi đá bóng khi bị mẹ cấm,1
Thủ môn cản penalty thành công bị đồng đội báo hại thủng lưới,1
Tuổi 30 rực rỡ như pháo hoa của Chi Pu,1
Vì sao gọi là răng khôn?,1
"Mũi vaccine số 4: nên, không nên ""lụi""?",1
Những tác hại của thuốc lá - phần 2,1
Những tác hại của thuốc lá - Phần 1,1
"Nắn xương gọn mặt bằng tay, vui tày gang mà hệ lụy kể không hết",1
Kích thích não sâu để điều trị bệnh Parkinson,1
Lắm chuyện cái mũi...,1
"Covid-19 tự biến mất, hay không  bằng hên?",1
Chi phí điều trị người mắc bệnh máu khó đông là 10 triệu đồng/ngày,1
"Điều gì sẽ xảy ra nếu chúng ta không có móng tay, móng chân?",1
Việt Nam cần có luật cụ thể về nuôi chó dữ như pitbull,1
"Những vụ chó pitbull phản chủ, cắn chết người",1
Cuộc chiến chống chó hoang: Liệu Ấn Độ có thể ra khỏi... ngõ cụt? (Kỳ 2),1
Làng Ngao Sò kiểm tra năng lực,1
Cô gái sút penalty nhẹ hều nhưng vẫn xâu kim được thủ môn,1
Kỳ lạ túi xách hàng hiệu siêu mini chỉ nhìn thấy bằng kính hiển vi,1
Muốn lên máy bay thì phải... thay quần!,1
Thảm đỏ Met Gala náo loạn vì một vị khách 'không mời mà đến',1
Muốn 'đăng xuất' vì đăng kiểm!,1
"Đứt cáp, mất trí khôn!",1
Loài gà trong vũ trụ măng cụt,1
Những lần họ kiếm tiền,1
Chuẩn mực của cái đẹp,1
Thuê người yêu qua mạng xã hội,1
Bảo hiểm...hiểm họa ra sao?,1
Người cá - cá người,1
Mùa Halloween và những con ma 'lạ mà quen',1
Dịch vụ chụp hình bằng điện thoại nở rộ ,1
Cuộc thi tốc độ,1
Hào quang rực rỡ - The King ,1
Anh da nâu dùng 13 tiếng để xem lại các video 'điểm tuần' và cái kết ,1
Tiêu tiền Lẻ - mất tiền Tỷ,1
Đúng nhận sai cãi,1
"Thiết bị ""tiết kiệm điện"" với ""bộ lòng"" siêu tiết kiệm ",1
Trí khôn của ta đây,1
Nhiều người luyện giọng hát để hát Karaoke tự tin ,1
Khi bạo lực 'tấn công' thành tích ,1
Khoe con: Con mình là số 2 thì không ai số 1,1
Cấp điện và cắt điện luân phiên ,1
"Messi từ bỏ bóng đá đỉnh cao ở tuổi 35, sớm hơn Ronaldo ba năm",1
"Ăn cơm nước mắm, nói chuyện thế giới ",1
Tin chuẩn chưa anh?,1
Bán rẻ những thứ không thuộc về mình,1
Cường quốc vàng mã,1
Bệnh của bệnh viện,1
Ronaldo về Ả Rập để dưỡng già,1
Lukaku với 'đôi chân gỗ' của mình,1
"Hỏi nam, đáp bắc",1
Đội tuyển Đức như 'những chiếc xe tăng rỉ xích',1
Khiếu nại với trọng tài chẳng khác gì nói chuyện với lò vi sóng,1
"Nhiều cầu thủ Việt Nam đi chơi, uống bia sau khi ăn, tập",1
"Tránh vỏ dưa, gặp vỏ dừa",1
Bị đuổi việc vì không tụ tập sau giờ làm,1
Trình độ diễn xuất của Neymar như 'sao Hollywood',1
Những cú sút như 'bắn chim' của các tiền đạo,1
Giá xăng dầu: Tìm thấy động lực đi lên,1
Đội tuyển châu Âu không thắng 129 trận liên tiếp,1
Quang Hải qua Pháp và màn thể hiện trong '3 phút',1
"Con nhà lính, tính nhà quan",1
Ukraine nên cài báo thức để xem 'Nga xâm lược',1
Tuyển Việt Nam được hưởng 'quả 11m bí ẩn',1
Màn diễn của Neymar,1
Ronaldo là gánh nặng của hàng công,1
Không thích tiền thì thích gì?,1
Southgate hứng chỉ trích vì triệu tập Maguire,1
Hazard dẫn đầu giải 'Cầu thủ tệ nhất',1
'Mạng bẩn' đe dọa mọi lứa tuổi,1
Vỉa hè 'độ bền 70 năm'... tự vỡ dù không có tác động vật lý,1
"Vừa thắng MU 7-0 xong, Liverpool lại thua đội trụ hạng",1
"Công Phượng lập công, U23 Việt Nam vẫn thua CLB Hải Phòng",1
"Hòa đội xếp 156 thế giới, tuyển Thái Lan bị chê quá dễ để bắt bài",1
Chuyện tình 'cá mập' và 'búp bê',1
Đòi nợ thuê theo phong cách nghệ sỹ,1
Tuyển sinh lớp 1 'căng' như đại học,1
Quan chức bị bệnh gì lạ ghê,1
"Trời hanh vật khô, cẩn thận … cắt điện",1
"Thất thoát lãng phí: Cùng làm cùng hưởng, cùng đường vô … lao",1
Thái Lan bị Đài Loan cầm hòa dù giữ bóng 76%,1
Võ sư thời cúp điện luân phiên,1
Gà mẹ cấm con chơi … măng cụt,1
Vé số dạo tạo doanh thu ngàn tỷ,1
Ông Mặt trời nung nóng toàn cầu,1
Bệnh viện: Đất lành … cò đậu,1
Bóng đá nam: Chiếc huy chương vàng 'kinh hoàng' nhất SEA Games,1
Gửi tiết kiệm bị 'hô biến' thành bảo hiệm nhân thọ,1
Người dân vào siêu thị né hóa đơn tiền điện … 6 múi,1
Chống nóng mà tưởng Cô-vít ghé thăm,1
Mối liên hệ giữa phong thủy và phong bì ,1
Bảo hiểm … hiểm hóc ra sao?,1
Tiktok: Clip ngắn hại dài,1
Cảm lạnh vì mùa nóng,1
"Cố gắng lên, rồi con sẽ giỏi tiếng mẹ đẻ như... tiếng Anh",1
Quá chủ quan nên bị ông Mặt trời giật tung người,1
Đảo hoang Robinson bị quá tải sau trận Đức thua Nhật,1
"'Cây xăng' gọi vốn, các shark chạy mất dép",1
Đĩa bay hết... xăng,1
"Cuối tuần trời mưa, đắp mền ngủ cho sướng",1
Du khách chơi 'nhảy dây' với giá vé máy bay,1
Chuyện về những vỉa hè rộng... tày gang,1
Ông già Noel chạy té khói vì dương lịch dí âm lịch,1
Đi nhậu bằng xe đạp để né đo nồng độ cồn,1
Nhập viện vì bị 'tra tấn' qua điện thoại,1
Thợ sửa xe lầy lội 'đỡ đẻ' cho ô tô,1
Cường quốc hoa hậu,1
10 giải thích vui cho việc 'bội thực' thi hoa hậu,1
Lạ lùng người đàn ông làm lễ cầu... đừng mưa,1
Cuộc chiến' ô tô điện gay cấn ngay từ khâu 'cấy' trạm sạc,1
Thần y' bị sao sỏi thận chiếu mệnh,1
"Thất thoát lãng phí: Cùng làm cùng hưởng, cùng đường vô... lao",1
Bộ phim live-action 'Lò đào tạo... mùa hè',1
"Gỏi gà măng cụt: Giải quyết việc làm, ông bà tá hỏa",1
Xe buýt hệ... Fast & Furious,1
Cuộc chiến giữa nhà mặt tiền và xe ô tô,1
"Cá chép cúng ông Táo bị hành hạ, hết bay nổi!",1
Người đàn ông giả chết để 'xem có ai khóc thương',1
Chú chó giả chết để ăn vạ bất thành,1
"Chàng trai chạy vào sân ôm Messi, cười mãn nguyện khi bị an ninh bắt",1
Bị đuổi việc vì không tham gia team building,1
5 trò team building 'không cần cởi' vẫn vui như thường,1
Loạt biểu cảm chào đời 'thấy ghét' của những bé sơ sinh,1
Người đàn ông dừng xe máy chờ đèn đỏ kiểu ngược đời,1
Đám đông bỏ chạy tán loạn vì chọc ghẹo dê,1
Hai người phụ nữ hồn nhiên dừng xe máy giữa đường tám chuyện,1
'Cuộc chiến' ô tô điện gay cấn ngay từ khâu 'cấy' trạm sạc,1
Disney làm phiên bản hoạt hình của 'Nàng tiên cá' da màu Halle Bailey,1
Nữ tài xế xử lý cao tay khi bị cặp đôi giận nhau ngáng đường,1
Chàng shipper trút giận lên cây trứng cá khi cãi nhau với bạn gái,1
Gia chủ ngơ ngác khi xe máy không người lái lao vào nhà,1
Chủ tịch Trần Hùng Huy 'lộ' quá khứ từng đi đóng quảng cáo,1
"Cuộc sống sẽ mất vui nếu ta không có một đứa bạn ""mặn mòi""",1
Muôn kiểu ôn thi tốt nghiệp “bá đạo” của học sinh lớp 12,1
Anh chàng tán gái bằng thư nặc danh và cái kết khó đỡ,1
Những màn thể hiện thất bại thảm hại và cái kết tê tái của các quý ông,1
Bé trai ga lăng lấy vòng vàng của mẹ mang lên lớp tặng bạn gái,1
"Kết quả xét nghiệm ADN khiến người đàn ông ""bật ngửa""",1
Người đàn ông mang củ cải đường đi hẹn hò,1
Bị chép phạt 50 lần vì 'làm sai yêu cầu của khách',1
Ngoại choáng vì... ngoại ngữ,1
Thiết kế hạn chế cửa xe ô tô 'vô tri',1
"Chầu nhậu đắt đỏ, ông nào cũng né",1
Phải làm sao nếu bỗng dưng... trúng số hàng chục tỉ đồng,1
"Sống bất chấp, miễn cao là được",1
Thuốc lá điện tử 'bắt cóc' thế hệ trẻ,1
Đi xem chung kết bóng đá nữ SEA Games... miễn phí,1
Vé số dạo tạo doanh thu khủng,1
Tầm sư học... tăng,1
Con trai bà bán bánh mì tự tin về món ăn quốc dân,1
Người dân vào siêu thị né hóa đơn tiền điện... 6 múi,1
Mùa hè 'gõ cửa' khắp mọi miền,1
Thái Thượng Lão Quân pharmacy phá sản vì 'thần dược',1
Gymer hệ... máy lạnh,1
Tôi đi xem 'phim người lớn' T18,1
Nông dân vái 'thần' sầu riêng,1
Lá rách đùm lá rách hơn,1
Người đàn ông khắc chế 'tia UV thần chưởng',1
Người phụ nữ đi chợ ra về tay không,1
Bún bò má Bảy có 'khó nuốt' hơn người ta nghĩ,1
Nhận cát xê nhờ... bụng mỡ,1
Khi nghệ sĩ bị... yếu sinh lý,1
Giật gân' về sự lạc hậu của y tế,1
Nhà máy thủy điện không phép!,1
News fake trên Facebook thế này chỉ khiến cười sặc mì (tin vịt 24 giờ hôm nay),1
"Nhờ bạn thân chụp ảnh Cầu Vàng, chàng trai không nhận ra mình",1
"Dám ""bật"" lại vợ thì hậu quả các anh thấy rồi đấy.",1
Nữ Batman trong phòng gym khiến ai cũng ngoái nhìn,1
"Chó sói và 3 chú heo con phiên bản ""không ngờ tới""",1
Hậu quả khi cùng vợ xem World Cup,1
Vợ buồn khi chồng hoàn thành một nửa giấc mơ tỷ phú,1
Chồng nổi giận khi vợ không uống rượu,1
Tuyệt đối không chết vì tình,1
Ông trời là phụ nữ,1
Vợ buồn khi ngày càng đẹp ra,1
Nhân viên bị đuổi việc vì sếp ly dị,1
Bệnh nghề nghiệp của thám tử tư,1
Nỗi khổ khi yêu một chàng trai học Y hot nhất tuần,1
"Biếm họa ""thể thao khiêu dâm""",1
Biếm họa 'cấp cứu' cấp cứu vì quá tải,1
Trung tâm đăng kiểm: Chúc quý khách và gia đình có kỳ nghỉ lễ thật vui vẻ!,1
Nghề đăng kiểm cũng 'khó nuốt' lắm chứ bộ,1
Khuyến mãi 'danh hiệu nhà thơ' dịp Tết Nguyên Đán,1
"Chuyến bay giải cứu - Lợi nhuận cao, khởi tố nhiều",1
Ngày tất niên vẫn miệt mài 'đắp mộ',1
Cà phê thải độc truyền qua đường miệng?,1
Nghệ sĩ ưu tú cay cú mắng khán giả 'ăn cháo đá bát',1
Ứng dụng ChatGPT dành cho bợm nhậu,1
Sắp hết rồi những ngày 'ngủ nướng',1
Ở 'Xì phố' về quê ăn Tết: Chảnh bất chấp,1
Về quê ăn Tết bằng 'máy bay đường bộ',1
"Quán nhậu cuối tuần: Vào ba, ra bảy!",1
Cảnh sát giao thông bó tay với bợm nhậu có 'nồng độ liều',1
Ma men ngụy trang chống đo nồng độ cồn,1
Đòi ngủ trong ô tô vì vợ không cho chơi game,1
"Lộ mặt thật', YouTuber bị chê... xấu trai đến mức tức á!",1
Bà mẹ 2 con kết hôn cùng 'bạn trai ảo' có trí tuệ nhân tạo,1
Ngọc Hoàng té ghế vì món quà từ Táo xăng dầu,1
Ông Táo chầu trời sớm vì vướng đăng kiểm,1
Lạ lùng giám đốc trung tâm đăng kiểm không biết chữ,1
"Con mèo trèo cây cau, đụng chú chuột gia thế khủng",1
Tâm sự bánh tét bánh chưng,1
Nhâm Dần chúc mừng năm mới Quý Mão,1
"Mèo ""ra tay"" bảo vệ chủ nhân trước chó ""hư"" nhà hàng xóm",1
Lý do thi rớt bằng lái xe ai cũng gật gù đồng tình,1
"Cách ""giải nhiệt"" khi mất điện ngày nóng dành cho anh em",1
Khoảnh khắc đời thường... rất bất thường,1
"Những người đàn ông chụp ảnh có tâm, hội chị em phải nể phục",1
Yêu không dám nói chàng trai nhận cái kết đắng ngắt,1
"Người đàn ông khiếp sợ với tiệm cắt tóc ""bất ổn"" nhất quả đất",1
Không đỡ nổi với những pha tai nạn hài hước hi hữu trong thể thao,1
Ramen sầu riêng khiến netizen đồng thanh: 'Đại hạn đến rồi',1
Mất gần 900 triệu đồng vì ham mua sầu riêng giá siêu rẻ,1
Những người thích ngược dòng,1
"Ngày đầu đi làm đã gây thiệt hại 1,5 tỉ đồng chỉ vì mở nhầm cửa",1
Choáng với 'thiên tài nhí' 18 tháng tuổi đọc thạo chữ số bằng song ngữ,1
Giữa đêm hai anh trai bỏ chạy sấp mặt vì em gái báo quá báo,1
Chàng trai cover 'Lỡ hẹn với dòng Lam' như nuốt đĩa,1
"Trấn Thành lại khóc lóc, xin lỗi bạn gái cũ trên sóng truyền hình",1
Thanh niên ôm Messi nổi tiếng toàn cầu với khoảnh khắc để đời,1
"Chú chó thích làm màu, thể hiện lối đi riêng",1
Thanh niên trộm bia 'hoàn lương' tức thì khi bị bắt quả tang,1
Chú chó nổi cáu vì không lấy được quả bóng sau tấm kính,1
TikToker đòi kiện bố mẹ vì 'tự ý sinh ra mình',1
Chú chó có kỹ năng vượt rào siêu đỉnh,1
"Vào chuồng cá sấu quay clip 'câu view', ai ngờ ngồi tù",1
Chuyện chắc chỉ có ở Nhật: Trả tiền để xin nghỉ việc!,1
Nhường 'cơm' cho xe,1
Vì sao chúng ta không thể đối mặt UFO?,1
Biệt đội' săn bắt chó thả rông ở TP Thủ Đức,1
Ngôi trường lạm phát... hoa hậu,1
Tiến sĩ cầu lông không đạt: Cầm cân nảy mực hóa ra trò đùa!,1
Bệnh án tâm thần dùng vào việc gì?,1
"Bảo hiểm xe máy: Mua bắt buộc, đòi 'bất lực'",1
Cháy túi với thực phẩm chức năng 'đính kèm' toa thuốc,1
Cô giáo cũng phải đi học nâng cao,1
Chủ tịch hoa hậu 'tụt huyết áp,1
"Hết xăng, quá trình tiến hóa bèn 'quay xe",1
Quyết làm rể phú ông 'không biết giận,1
Bố tớ là trưởng ban đại diện cha mẹ học sinh,1
Rút cạn 'tấm lòng' cho ngày 20-10,1
Ban đại diện hay 'ban thu tiền' cha mẹ học sinh?,1
"Cây xăng 'khan hàng', dân tình bối rối",1
Quả táo nào cho nàng Bạch Tuyết?,1
Bầu sữa' phụ huynh: Tự nguyện trên tinh thần bắt buộc,1
Lan đột biến giảm giá 1 triệu lần vẫn ế!,1
Người đẹp hóa chất,1
Học sinh 'bí đầu ra' ở trường học,1
Bích Phương nhanh chóng phủ nhận tin đồn bị tr...ĩ,1
"Đối vui: Đố mẹo: Cái gì cho ăn thì sống, cho uống thì chết?",1
Story đầu tiên của chị Quỳnh Thơ (aespa) khi tới Việt Nam ,1
Lý Do Đàn Ông Lo Sợ Nạn Sàm Sỡ Phụ Nữ,1
Chiều Cao Phù Hợp Cho Bà Vợ Thừa Cân,1
Khó Khăn Vì Chọn Áo Theo Kiểu Tóc Chồng,1
"1 Triệu Đô La Và Em, Anh Chọn Cái Nào?",1
Vác cân đi cân ‘thằng nhỏ’ để chứng minh nó ‘to nhất thế giới’,1
TT - Nhiều bài vở cười bằng thích:o Ngành ve chai bị tổn thương uy tín vì Dương Chí Dũng.,1
Khi Đàn Ông Gọi Điện Thoại Xin Lỗi,1
Khi những người vui tính chụp ảnh cưới lại ra ảnh cười,1
Những hình xăm đầy thảm họa (P.2),1
"Dù béo hay gầy, quan trọng vẫn phải... thần thái",1
"Các ""siêu anh hùng"" làm gì sau khi... giải nghệ",1
"Có những việc nàng ""ngực khủng"" không bao giờ làm được",1
Sau bức ảnh nghệ thuật là sự thật không phải ai cũng biết,1
Ánh mắt của ta đã va phải sự quyến rũ của nàng,1
"Hài hước với các sĩ tử đi thi tốt nghiệp THPT theo ""hệ tâm linh""",1
"Cười ngất với muôn kiểu tư thế ""lạ"" của các nhiếp ảnh gia",1
Hiệu Quả Luyện Trí Nhớ,1
Xe Chao Đảo Do Mặt Đường,1
Người Đẹp Méo Mặt Vì Tưởng Bở,1
Disney làm phiên bản hoạt hình của 'Nàng tiên cá' da màu Halle Bailey - Tuổi Trẻ Online,1
Chú cún mắng xối xả vì ông chủ bất lịch sự,1
Bất ngờ với sự thăng hạng của Kim Duyên ở Top 20 Timeless Beauty 2022 - Tuổi Trẻ Online,1
Cô gái chỉ ra những điều khó hiểu của mẹ khiến ai cũng gật gù đồng ý,1
Muốn lên máy bay thì phải... thay quần! - Tuổi Trẻ Online,1
Thảm đỏ Met Gala náo loạn vì một vị khách 'không mời mà đến' - Tuổi Trẻ Online,1
"Chở gia đình về quê, anh chồng 'đánh rơi' vợ mà chẳng hay - Tuổi Trẻ Online",1
"Chú rể trốn đám cưới, cô dâu đuổi theo 20km bắt về - Tuổi Trẻ Online",1
Nước mưa ở concert của Taylor Swift được rao bán với giá hơn 5 triệu đồng - Tuổi Trẻ Online,1
Trúng số độc đắc nhờ... cãi nhau với chồng - Tuổi Trẻ Online,1
Cặp đôi bị phạt hơn 12.640 năm tù giam vì tội lừa đảo - Tuổi Trẻ Online,1
'Bay chức' vì bài phỏng vấn thực hiện bởi AI - Tuổi Trẻ Online,1
Thả nhầm nghi phạm giết người vì lỗi đánh máy - Tuổi Trẻ Online,1
Nhà mốt Pháp ra mắt mẫu túi xách nữ làm từ thiên thạch 55.000 năm tuổi - Tuổi Trẻ Online,1
Tình nhân bỏ trốn cùng 30 con heo khi bạn trai nằm viện - Tuổi Trẻ Online,1
Sao Arsenal 'chế giễu' Man Utd sau trận thua Newcastle - Tuổi Trẻ Online,1
"Nhà đài chơi chiêu lừa khán giả, tung loạt poster phim 1.000 năm sau mới chiếu - Tuổi Trẻ Online",1
Vợ tố cáo chồng mới cưới vì bị 'đào mỏ' mất 2 con bò - Tuổi Trẻ Online,1
Người đàn ông phải trang điểm vì bị vợ 'này nọ' suốt 20 năm - Tuổi Trẻ Online,1
Cách uống trà tiết lộ bạn bị động hay chủ động tìm kiếm tình yêu - Tuổi Trẻ Online,1
"Những lý do không thể bỏ lỡ Ngự giao ký của Địch Lệ Nhiệt Ba, Nhậm Gia Luân - Tuổi Trẻ Online",1
Ông bố của 65 đứa trẻ bị 'bồ đá' vì quá mê hiến tinh trùng - Tuổi Trẻ Online,1
Jennie Blackpink bị Cnet tố 'lười biếng' khi bất ngờ rời concert - Tuổi Trẻ Online,1
Tuyển sinh lớp 1 'căng' như đại học - Tuổi Trẻ Online,1
Quan chức bị bệnh gì lạ ghê! - Tuổi Trẻ Online,1
"Quan chức, cò môi giới... cạnh tranh mua nhà ở xã hội với người nghèo - Tuổi Trẻ Online",1
Chuyển mạng giữ số kiểu quan tham - Tuổi Trẻ Online,1
"Cục nợ đến từ hư vô: Crush làm, cam chịu! - Tuổi Trẻ Online",1
Người đàn ông giả chết để 'xem có ai khóc thương' - Tuổi Trẻ Online,1
"Cụ bà sống lại, đập quan tài đòi ra trong lễ tang của mình - Tuổi Trẻ Online",1
"'Lộ mặt thật', YouTuber bị chê... xấu trai đến mức tức á! - Tuổi Trẻ Online",1
"Bị phạt vì đỗ sai quy định, chủ xe 'đậu' luôn trên nóc nhà - Tuổi Trẻ Online",1
Ảnh vui 15-6: Đỗ xe kiểu 'người thành công' - Tuổi Trẻ Online,1
Ông bố tung tuyệt chiêu khi con gái xin tiền,1
"Thanh niên sáng sớm say thuốc lào, mẹ nhìn thấy chán chẳng thèm bận tâm",1
"Chàng trai tập boxing, tennis theo phong cách nhảy Michael Jackson",1
Chàng trai dùng tuyệt chiêu để bạn gái chủ động xin lỗi khi cãi nhau,1
Chú chó nhảy xuống sông cứu ông chủ vì tưởng bị đuối nước,1
Nữ tài xế lái xe container lùi vào chuồng hẹp đẳng cấp,1
Chồng lấy nước nhỏ mắt vờ khóc để vợ thương khi bị đổ trộm tiền,1
Cụ bà 81 tuổi nhảy vũ điệu 'See tình' cực dẻo,1
'Hàm chó vó ngựa' và 'nó hiền lắm' - Tuổi Trẻ Online,1
Người đàn ông bơ vơ vì tiết kiệm điện - Tuổi Trẻ Online,1
Bộ phim live-action 'Lò đào tạo... mùa hè' - Tuổi Trẻ Online,1
Đứa con trai đứng bên lề gia đình hạnh phúc - Tuổi Trẻ Online,1
"Squid Game 2 ‘tiêu tốn’ 100 tỉ won, ngang ngửa bom tấn Hollywood - Tuổi Trẻ Online",1
"Phương Thanh, Thảo Trang bất ngờ hé lộ giá cát xê đi show ‘Muse it’ của Thu Minh - Tuổi Trẻ Online",1
Ngọc Sơn từ chối vai diễn đưa Lý Hùng nổi tiếng trong 'Bông hồng đẫm lệ' - Tuổi Trẻ Online,1
"6,7 triệu người xem Jungkook 'bắt chước' Hieuthuhai ngủ online - Tuổi Trẻ Online",1
Vì sao gọi là răng khôn? - Tuổi Trẻ Online,1
"Mũi vaccine số 4: nên, không nên ""lụi""? - Tuổi Trẻ Online",1
"Nắn xương gọn mặt bằng tay, vui tày gang mà hệ lụy kể không hết - Tuổi Trẻ Online",1
Kích thích não sâu để điều trị bệnh Parkinson - Tuổi Trẻ Online,1
Lắm chuyện cái mũi... - Tuổi Trẻ Online,1
"Covid-19 tự biến mất, hay không  bằng hên? - Tuổi Trẻ Online",1
Chi phí điều trị người mắc bệnh máu khó đông là 10 triệu đồng/ngày - Tuổi Trẻ Online,1
"Điều gì sẽ xảy ra nếu chúng ta không có móng tay, móng chân? - Tuổi Trẻ Online",1
Việt Nam cần có luật cụ thể về nuôi chó dữ như pitbull - Tuổi Trẻ Online,1
"Những vụ chó pitbull phản chủ, cắn chết người - Tuổi Trẻ Online",1
Cuộc chiến chống chó hoang: Liệu Ấn Độ có thể ra khỏi... ngõ cụt? (Kỳ 2) - Tuổi Trẻ Online,1
Làng Ngao Sò kiểm tra năng lực - Tuổi Trẻ Online,1
Chàng trai kết thúc ván đấu bằng 5 cơ bida rùa liên tiếp,1
Chàng trai lấy đà như Ronaldo nhưng sút chẳng khác gì Harry Maguire,1
Pha câu giờ tấu hài có 1-0-2 của thủ môn,1
"Trời hanh vật khô, cẩn thận... cắt điện - Tuổi Trẻ Online",1
Giá vé máy bay đầy 'bất ổn' kỳ nghỉ lễ năm nay - Tuổi Trẻ Online,1
Du khách chơi 'nhảy dây' với giá vé máy bay - Tuổi Trẻ Online,1
Chuyện về những vỉa hè rộng... tày gang - Tuổi Trẻ Online,1
Chồng cười sảng vì vợ lên ô tô để quên dép ở vỉa hè,1
Đi nhậu bằng xe đạp để né đo nồng độ cồn - Tuổi Trẻ Online,1
"Quán nhậu cuối tuần: Vào ba, ra bảy! - Tuổi Trẻ Online",1
Nhập viện vì bị 'tra tấn' qua điện thoại - Tuổi Trẻ Online,1
Cách sếp tôi phân biệt sim rác - Tuổi Trẻ Online,1
Video hài nhất tuần qua: Thợ sửa xe được khai sáng bộ nhông xích Air Blade,1
Phụ nữ rứa đó con! - Tuổi Trẻ Online,1
F83: Thương hiệu sinh lợi bền vững - Tuổi Trẻ Online,1
Bức tranh tiết lộ bạn đang ở trong giai đoạn nào của cuộc đời - Tuổi Trẻ Online,1
Diễn viên Bình Minh lên chức chủ tịch - Tuổi Trẻ Online,1
Hai chú chó chạy té khói vì bị bò dọa,1
Vợ nhún nhảy mở cửa đón chồng về,1
IQ cao có đoán được đây là tỉnh thành nào của Việt Nam? (P23) - Tuổi Trẻ Online,1
Cách hành xử trên xe buýt tiết lộ bạn là vua hay nô lệ của tình yêu - Tuổi Trẻ Online,1
"Đi làm quá áp lực, người đàn ông bỏ việc bằng cách trốn vào rừng - Tuổi Trẻ Online",1
Ông bố té ngửa vì lời nói đầu đời của con trai - Tuổi Trẻ Online,1
Sinh viên người nhện có việc làm 100% - Tuổi Trẻ Online,1
Ôn thi xưa và nay - Tuổi Trẻ Online,1
"Chim thần ăn khế trả hóa đơn tiền điện, lời quá lời! - Tuổi Trẻ Online",1
Khi khẩu vị 'cãi lộn' với Michelin - Tuổi Trẻ Online,1
'Cuộc chiến' ô tô điện gay cấn ngay từ khâu 'cấy' trạm sạc - Tuổi Trẻ Online,1
Gỏi gà măng cụt sẽ kéo dài trong bao lâu? - Tuổi Trẻ Online,1
Bạn sẽ làm gì nếu được trở về tuổi thơ trong 24 giờ? - Tuổi Trẻ Online,1
Ăn kiêng chẳng có gì vui! - Tuổi Trẻ Online,1
Loài gà trong vũ trụ măng cụt - Tuổi Trẻ Online,1
Vì sao sếp tôi mua ô tô điện? - Tuổi Trẻ Online,1
Hãy chấp nhận và bao dung với bản thân mình,1
Hiệu ứng 'nút cổ chai': Nguyên nhân chính của tình trạng kẹt xe,1
Sử dụng chất kích thích: Những bong bóng đủ màu sẵn sàng nổ tung,1
'Tình anh bán chiếu' trở thành đại gia - Tuổi Trẻ Online,1
Ấn Độ bó tay trước nạn… chó hoang cắn người! - Tuổi Trẻ Online,1
Trung tâm đăng kiểm: Chúc quý khách và gia đình có kỳ nghỉ lễ thật vui vẻ! - Tuổi Trẻ Online,1
Làng Vũ Đại làm du lịch - Tuổi Trẻ Online,1
Lâm Bình Chi luyện hợp đồng bảo hiểm - Tuổi Trẻ Online,1
Một trường hợp 'khiêm tốn' khi bị cảnh sát giao thông thổi phạt - Tuổi Trẻ Online,1
Hai Lúa lên đời vì trồng lúa lời tới 100%? - Tuổi Trẻ Online,1
Cả làng Ngao Sò lâm trọng bệnh - Tuổi Trẻ Online,1
10 biện pháp vui để quan chức không dùng xe công đi lễ đầu năm - Tuổi Trẻ Online,1
Nhà vệ sinh: Nỗi ám ảnh của du khách nước ngoài tại TP.HCM - Tuổi Trẻ Online,1
Cường quốc hoa hậu - Tuổi Trẻ Online,1
Song Joong Ki khoe ảnh nắm tay con trai đầu lòng - Tuổi Trẻ Online,1
Nguyễn Trang Nguyệt Minh rạng rỡ lên đường dự thi Miss Teen Grand International - Tuổi Trẻ Online,1
Top 7 phim Hàn có rating cao nhất nửa đầu năm 2023 - Tuổi Trẻ Online,1
"Trấn Thành lại khóc lóc, xin lỗi bạn gái cũ trên sóng truyền hình - Tuổi Trẻ Online",1
Dương Cẩm Lynh ra sao sau ồn ào nợ nần 6 tỉ đồng? - Tuổi Trẻ Online,1
Show hẹn hò Hàn chưa ra mắt đã bị tẩy chay vì người chơi 19 tuổi - Tuổi Trẻ Online,1
"Graffiti: Mạo nhận đam mê, kệ bao người khổ - Tuổi Trẻ Online",1
"Mùa hè khốc liệt, ai cứu tôi với! - Tuổi Trẻ Online",1
Anh chồng rơi lệ vì... công việc nội trợ - Tuổi Trẻ Online,1
Và Bạch Tuyết đã hóa Bao Công - Tuổi Trẻ Online,1
Nắng nóng thay đổi cả truyện cổ tích - Tuổi Trẻ Online,1
Nhà thằng Tí 'update' hệ thống chiếu sáng mát lạnh - Tuổi Trẻ Online,1
Giải nóng mùa hè: Tuy buồn nhưng... mát - Tuổi Trẻ Online,1
SEA Games bình dân giành HCV dạng lỏng - Tuổi Trẻ Online,1
'Con muốn làm người lớn' - Cha mẹ cần lắng nghe - Tuổi Trẻ Online,1
Vì sao du khách lại 'ấm ức'? - Tuổi Trẻ Online,1
"Cặp giò 'sống về đêm', thủ phạm gây mất ngủ không ngờ - Tuổi Trẻ Online",1
"2 bài thuốc dễ làm, chữa tóc rụng, tóc bạc sớm - Tuổi Trẻ Online",1
"Lông mọc ngược, bài học cảnh giác ung thư hắc tố - Tuổi Trẻ Online",1
"'Trái tim tan vỡ' khi đau lòng có thể... tới công chuyện, nếu... - Tuổi Trẻ Online",1
Làm việc tại nhà lâu dễ dẫn đến sai sót trong công việc - Tuổi Trẻ Online,1
Cầu thủ ngơ ngác vì đối diện khung thành trống vẫn không ghi bàn,1
Thủ môn báo hại đội nhà thủng lưới vì đỡ bóng hụt,1
Cầu thủ tát trọng tài khi bị thổi phạt,1
Cô gái thi vượt chướng ngại vật nhưng chạy đến đâu ngã đến đó,1
Chàng trai ngao ngán khi gặp cao thủ bida lỗ,1
Võ sư truyền điện Trung Quốc bị võ sĩ MMA đấm knock out,1
Chàng trai châu Phi sút penalty như hack,1
Chàng trai hóa Lukaku khi đối diện khung thành trống,1
Haaland văng tục trên truyền hình sau chức vô địch - Tuổi Trẻ Online,1
"Cổ động viên hóa trang thành cầu thủ, vào sân chụp hình với đội bóng",1
Cầu thủ bị bóng phản dame ngã bật ngửa khi sút penalty,1
Chàng trai rê bóng qua thủ môn rồi lừa luôn khán giả,1
'Cục gạch' lại lên ngôi mùa cúp điện - Tuổi Trẻ Online,1
Chim ưng gọi đại bàng: Hãy tiết kiệm điện ngay! - Tuổi Trẻ Online,1
Nhan sắc phù thủy trong 'Nàng tiên cá' gây sốt - Tuổi Trẻ Online,1
"Bộ tóc đỏ của nàng tiên cá Halle Bailey tiêu tốn hơn 3,5 tỉ đồng - Tuổi Trẻ Online",1
‘Môn phái võ mèo’ - phim hoạt hình vui vẻ cho dịp nghỉ lễ - Tuổi Trẻ Online,1
Bản phim hoạt hình kinh dị về chú gấu Pooh gây hoảng hốt - Tuổi Trẻ Online,1
Tên trộm SH ngậm ngùi bỏ đi vì không nổ được máy,1
Tên trộm chạy xì po ranh ma chở chủ nhà dí theo đồng bọn mình,1
Chủ nhà phi thân quật ngã tên trộm xe máy trên vỉa hè,1
Chú cún chắp chân lạy cóc liên hoàn,1
Chú cún giận dỗi vì cô chủ cho ăn không khí,1
Chú cún giả vờ ngu ngơ để trộm thức ăn,1
Cô gái vớ bẫm khi mua cua biển 25.000 đồng ở siêu thị,1
Cô gái ngừng hát khi chàng trai đeo mặt nạ lên nhảy phụ họa,1
Người đàn ông mang củ cải đường đi hẹn hò - Tuổi Trẻ Online,1
Sinh viên kiếm trăm triệu mỗi tháng nhờ giày dép - Tuổi Trẻ Online,1
"Tự tin gene trội, doanh nhân 'ra giá' phôi thai của mình 2 triệu USD - Tuổi Trẻ Online",1
Cầu cứu dân mạng vì chồng bắt chọn: 'Đẻ hay ly dị?' - Tuổi Trẻ Online,1
Cười toe toét khi bán được tiếng ngáy của bạn trai - Tuổi Trẻ Online,1
Julia Fox và những outfit làm đảo lộn giới thời trang - Tuổi Trẻ Online,1
H'Hen Niê bật mí hậu trường chuẩn bị làm host show ẩm thực - Tuổi Trẻ Online,1
Thanh niên trúng số nhờ hỏi ChatGPT - Tuổi Trẻ Online,1
"Giấu vợ tiền trúng số độc đắc, chồng méo mặt vì bị phạt bồi thường - Tuổi Trẻ Online",1
"Mua một dãy số suốt 3 thập kỷ, người đàn ông Mỹ trúng 18 triệu USD - Tuổi Trẻ Online",1
Bị đuổi việc vì không 'khoe' công ty lên mạng xã hội - Tuổi Trẻ Online,1
Bé trai ga lăng lấy vòng vàng của mẹ mang lên lớp tặng bạn gái - Tuổi Trẻ Online,1
Trả 4 USD là được 'đàm đạo' cùng idol Elon Musk - Tuổi Trẻ Online,1
Video: Dàn cảnh bắt cóc để... cầu hôn bạn gái - Tuổi Trẻ Online,1
Rải 200.000 USD ra đường để tạo phước - Tuổi Trẻ Online,1
Những chú ngựa quá trời... 'ngựa' - Tuổi Trẻ Online,1
"Bị chê xấu trai, Thái Hòa tiết lộ ngay phản ứng của bà xã - Tuổi Trẻ Online",1
‘Itaewon Class’ được Trung Quốc làm lại với kinh phí lên đến 622 tỉ? - Tuổi Trẻ Online,1
"Yêu qua mạng, thanh niên sập bẫy lừa tình lẫn tiền - Tuổi Trẻ Online",1
Elon Musk được một nhóm đàn ông Ấn Độ 'tôn thờ' - Tuổi Trẻ Online,1
Những bộ phim gây sốt của 'ác nữ' Lim Ji Yeon và 'đao phủ' Lee Do Hyun - Tuổi Trẻ Online,1
"Ngày Cá tháng tư, Dispatch tung tin Lim Ji Yeon và Lee Do Hyun hẹn hò - Tuổi Trẻ Online",1
Loạt ảnh trùng hợp đến khó tin trong cuộc sống (P3) - Tuổi Trẻ Online,1
Chàng trai dành 6 năm chăm bạn gái bị bỏng nặng - Tuổi Trẻ Online,1
'Mỹ Diệu' là ai mà hội yêu mèo nhắc hoài? - Tuổi Trẻ Online,1
Nữ tài xế đậu xe hơi giữa ngã tư để... đi mua đồ dùng - Tuổi Trẻ Online,1
Tarot: Bạn đứng thứ mấy trong lòng chàng? - Tuổi Trẻ Online,1
Cách khoanh tay tiết lộ con người thật của bạn - Tuổi Trẻ Online,1
Triệu Lộ Tư được phong danh 'nữ hoàng phim dở' - Tuổi Trẻ Online,1
Cảnh phim đẹp nhất của Lưu Diệc Phi trong Thần điêu đại hiệp bị cắt bỏ vì lý do này - Tuổi Trẻ Online,1
Nhân viên 'giãy đành đạch' không chịu đi làm quá 4 ngày/tuần - Tuổi Trẻ Online,1
"Thi nhau đẻ con năm 'rồng vàng', giờ tính sao? - Tuổi Trẻ Online",1
Nghịch lý lớp 1: Con gà có trước hay quả trứng có trước? - Tuổi Trẻ Online,1
Đi xe hơi mua nhà ở xã hội - Tuổi Trẻ Online,1
Bà con hụt hẫng với miếng 'bánh vẽ' 134.000 căn hộ nhà ở xã hội - Tuổi Trẻ Online,1
"Quan ăn đất, không quen ăn... đá - Tuổi Trẻ Online",1
Hãi hùng với dịch vụ đòi nợ thuê '3 đầu 6 tay' - Tuổi Trẻ Online,1
"Ăn một trái khế, trả hoài không hết nợ - Tuổi Trẻ Online",1
"Vào chuồng cá sấu quay clip 'câu view', ai ngờ ngồi tù - Tuổi Trẻ Online",1
Chuyện chắc chỉ có ở Nhật: Trả tiền để xin nghỉ việc! - Tuổi Trẻ Online,1
"Ủng hộ bạn mở quán, ăn cho đã 'cái nư', nhận bill thấy sao rầu! - Tuổi Trẻ Online",1
Bà mẹ 2 con kết hôn cùng 'bạn trai ảo' có trí tuệ nhân tạo - Tuổi Trẻ Online,1
3 vụ đuổi việc 'ối giời ơi' nhất quả đất - Tuổi Trẻ Online,1
"Cầu thủ cúp điện ra sân, đội bạn đầu hàng ngay từ đầu - Tuổi Trẻ Online",1
Con gái cười khoái chí khi thấy bố mẹ múa túy quyền,1
Ông chồng lầy lội khi đọc được nhật ký cấp 3 của vợ,1
Thanh niên say thuốc lào đi kiểu túy quyền,1
Thanh niên say thuốc lào ngã cắm đầu xuống vỉa hè,1
Người đàn ông ngã sấp ngửa vì say thuốc lào,1
"Tuổi thơ dữ dội: Vũ điệu 'điện giật' của thanh niên 8X, 9X khi nhảy đám cưới",1
Người đàn ông vác bao lúa nhảy chân sáo vì mặt đường nóng,1
Cụ bà nợ đàn ông ngàn lời xin lỗi,1
Chị gái quyền lực cho em trai uống thuốc trong một nốt nhạc,1
Nữ tài xế vừa phun môi ngượng chín mặt khi gặp CSGT đo nồng độ cồn,1
Nữ tài xế có pha rời chuồng hẹp đẳng cấp khi xe bị chặn đầu đuôi,1
Bố trẻ cover bài 'Wheels on the Bus' cực ngầu,1
Bản cover 'Về với em' khiến dân mạng quên luôn bản gốc,1
Cụ ông bán dừa cover 'Dang dở' như nuốt đĩa,1
Vợ cầm đả cẩu bổng đến quán bida tìm chồng,1
Vợ chưng hửng khi phát hiện vàng miếng chồng tặng là của mình,1
Chàng trai cơ bắp nhảy vũ điệu 'See tình' cực dẻo,1
Nữ bóng chuyền Hàn Quốc nhảy cover 'See Tình' gây sốt mạng xã hội,1
"Người đàn ông đu trend nhảy vũ điệu 'See tình"" cực dẻo",1
Cấm nuôi chó pitbull? - Tuổi Trẻ Online,1
Trang bị an toàn cho pitbull - Tuổi Trẻ Online,1
"Đau đầu với điện, nước mùa nóng - Tuổi Trẻ Online",1
Chiến thuật tiết kiệm điện... 'đi vào lòng đất' - Tuổi Trẻ Online,1
Con tui là học sinh giỏi nè! - Tuổi Trẻ Online,1
"Làm đẹp học bạ, làm hại học sinh - Tuổi Trẻ Online",1
Gia đình hạnh phúc - Tuổi Trẻ Online,1
'Cảnh sát chính tả' mới cứu vãn nổi gia đình này - Tuổi Trẻ Online,1
Cục gạch lại lên ngôi mùa cúp điện,1
Pháp: Lan rộng hành động xì lốp xe hơi để... bảo vệ môi trường,1
Mua vé máy bay 'đường vòng' về ăn Tết với vợ,1
Thần y bị sao sỏi thận chiếu mệnh,1
Bệnh viện: Đất lành... cò đậu,1
Bữa ăn 'heo thì' cho học sinh trường quốc tế,1
"Thể thao Việt Nam liệu sẽ tiếp tục ""cọ sát"" đến bao giờ ?",1
"Người dân ""Nam Bộ"" hướng về ""Ngày Giỗ Tổ"" ?",1
"Cuộc sống ""tận hưởng"" của ""hot girl ống nghiệm"" Lan Thy sau 6 năm ""gây bão"": Chuyện cũ giờ đã là quá khứ!",1
"Phật online và những ""đóng góp"" của nó giúp xã hội ""phát triển ngược"" trong thời đại số!",1
Bọn Tây lông hỗn xược!,1
"Tư duy ""làng xã"" trong thời đại nông nghiệp hiện đại tại Việt Nam",1
SharkTank - Nâng tầm lùa gà Việt lên một tầm cao mới,1
Lũ Hậu - Lãnh đạo tinh thần tối cao của giáo phái từ thiện ,1
Những trò lố hay là Thủy Tiên và đồng bọn ?,1
"Những thanh niên ngoan ngoãn hiền lành ""bỗng dưng"" giết người man rợ",1
“Trông Anh Ngược” hay sự dị hợm của văn hoá Anti-fandom,1
World Cup 2022: Bữa tiệc trên hình thể phụ nữ?,1
No Nut November: Con rối bị giật dây bởi các cộng đồng ám ảnh tình dục,1
Chủ nghĩa dân tộc ẩm thực: Sự trớ trêu của ngạn ngữ “Bạn là cái mà bạn ăn”,1
"Nhân danh công lí, hãy tôn sùng bạo lực và tôn vinh thảo khấu",1
Thế này mà là nghệ thuật ư?,1
Giải trí đến chết: Truyền thông tha hoá kéo theo một thế hệ chó cảnh,1
Cậu Vàng: Thời đại khán giả nhảy lên làm Thượng Đế,1
"""Tự biết mình"" chưa bao giờ là mục đích cho nền giáo dục của chúng ta",1
"Cữ Việt xôq kần sửa, điều cần sửa là cả tiếng Việt",1
"Sự đói khát thứ văn xuôi tai, hay là không phải cứ biết chữ thì đọc được văn chương",1
Alpha male: Sự đói gái của tư duy sát gái,1
Văn học hiện thực và những ca ngộ độc tinh thần,1
Để tự sỉ thành tự hào? Hãy gán cho chúng một cái tên,1
Xưng hô trong tiếng Việt - lắm nghịch lý và kỳ thị,1
Alpha wolf: Huyễn tưởng về sói đầu đàn,1
Tuổi trẻ của bạn đáng giá hơn cuốn sách này,1
Đua nhau khoe sách giảm giá: Thói sùng bái vật chất của số đông nghèo tinh thần,1
Shark Tank không có thật đâu các bạn êi,1
"TTTN - Làm ""người tốt"" hay làm ""người có ích""",1
"Hãy từ bỏ việc sử dụng ""thực phẩm hữu cơ"" nếu bạn muốn cứu lấy Trái Đất",1
Trào lưu sửa Nữ hoàng Anh thành Nữ vương Anh: Nhìn từ góc độ lí thuyết dịch thuật,1
Bạn nghĩ mình thông minh? Thế bạn thông minh kiểu gì?,1
Những Trang Sử Hào Hùng Của Thủ Dâm,1
Tập 2: Khi không còn bưởi nữa.,1
"Quy hoạch đô thị và câu chuyện ""rút kinh nghiệm""",1
Truyện cười ở Liên Xô và Đông Âu Cộng Sản,1
"Nếu cần sự ủng hộ, Tổng thống Putin có thể tìm đến cộng đồng mạng Việt Nam",1
Sự nhiệt tình thiếu kĩ năng của đám đông?,1
"Ông Bụt của tôi hiện lên và nói: ""Con à, không ai cứu mày đâu""",1
"Công ty lốp xe làm Review ẩm thực, có đủ tín?",1
“LÀM VIỆC MÌNH THÍCH” hay “THÍCH VIỆC MÌNH LÀM”?,1
“Là LGBT thì có gì đâu mà tự hào?”,1
THỂ THAO - TỪ TRÒ CHƠI TRẺ CON ĐẾN HUYỀN THOẠI VỀ CĂN TÍNH DÂN TỘC,1
"""Bánh quy"" - món ngon cho người hay bỏ cuộc",1
VÌ SAO NÊN NÓI CỨU CHÚNG TA CHỨ ĐỪNG NÊN NÓI CỨU TRÁI ĐẤT?,1
Ngày Quốc tế Phụ nữ: Một hình thức của nghi lễ nổi loạn,1
Lòng yêu nước: Truyền thống ngàn đời hay truyền thống tân tạo?,1
Tôn vinh tiếng Việt không có nghĩa là tâng bốc nó dựa trên dối trá,1
"Cờ tướng, Cơ Thiếu Hoàng, và hạng người phản trí thức",1
"Nghịch lí thời bình: Có lí nào vừa muốn trừng phạt man rợ, vừa muốn xã hội yên bình?",1
Giỏi Ielts ở VN thì làm gì ?,1
Ở VN chứng chỉ IETLS đã trở nên méo mó ra sa,1
Quái thai giáo dục,1
Người Việt Nam ko biết thưởng thức bia,1
Liệu chúng ta có thực sự yêu mèo ?,1
Trăm cái lí không bằng tí cái tình: Mánh lới của Trạng Tí từ truyện cho đến đời,1
Sự khốn cùng của đạo đức,1
Không có cái gọi là giới tính thứ 3,1
Từ thiện lên đồng: Bi kịch của một xã hội Philistine,1
Redpill VN: Sự thật trần trụi được xây dựng trên đồn thổi và truyền mồm,1
Đạo hiếu là thứ hoặc độc hại hoặc thừa thãi với đời sống gia đình lành mạnh,1
Chuộng xuôi tai: Hệ luỵ của nền văn học truyền khẩu,1
Đắc nhân tâm: Một nửa sự thật là toàn bộ dối trá,1
Sai lầm khiến Địch Lệ Nhiệt Ba bị chê cười,1
Nữ diễn viên nhí gây hot Thương Ngày Nắng Về một thời giờ đã khác,1
Mỹ nhân Hàn đẹp không tì vết khiến dân mạng phát sốt,1
Nam chính thừa thãi nhất màn ảnh hiện tại: Xuất hiện 6 tập phim vẫn chưa giúp ích được gì,1
"Phim doanh thu 0 đồng vì cặp nam chính chuyên đóng ""hài nhảm""",1
Shark Bình và Quỳnh búp bê đăng ký kết hôn,1
"“Trường nhà người ta” với chiến dịch bao rạp chiếu phim bom tấn miễn phí cho sinh viên, cán bộ giảng viên và gia đình",1
"Phụ nữ yêu bản thân, đừng quên yêu cả “Cổ” nhé!",1
“Vừa vặn” - Tôn chỉ sống hạnh phúc đáng lưu tâm trong thời đại vội vàng,1
"1001 câu chuyện mẹ chồng - nàng dâu: ""Thêm mắm, dặm muối"" bao nhiêu cho vừa?",1
Vì sao Spider-Man: Across the Spider-Verse là phim hoạt hình hàng đầu năm 2023?,1
"“Lật mặt” bộ đôi Huỳnh Lập - chị Cano trong dự án mới, Lý Hải - Minh Hà khiến cộng đồng mạng phấn khích",1
"Cựu ngôi sao Disney chỉ trích Hollywood đối xử ""mất nhân tính"" với diễn viên nhí",1
"The Flash: Bộ phim ""bỏ thì thương, vương thì tội"" của DC",1
Jennie (BLACKPINK) có cần phải xin lỗi?,1
Jennie bị lừa đóng The Idol?,1
"Transformers 7: Viên gạch đầu tiên cho vũ trụ điện ảnh mới, hấp dẫn nhưng chưa đột phá",1
Jennie được khen diễn thu hút hơn Jisoo chỉ vì đóng phim Hollywood?,1
"""Tất cả những gì Jennie làm được chỉ là xinh đẹp""",1
"Phim thua lỗ do chất lượng, đừng đổ lỗi cho khán giả",1
Quyết định sai lầm của Jennie (BLACKPINK),1
Nữ idol bị anti-fan dọa tấn công tại lễ hội âm nhạc,1
BTS và hành trình 10 năm rực rỡ: Thuở ra mắt chỉ có... 32 người đến họp ...,1
"HIEUTHUHAI là nghệ sĩ Việt Nam đầu tiên đồng hành cùng Charlie Puth, nhiều ...",1
"Huyền thoại Rod Stewart từ bỏ Rock'n Roll, thử sức với thể loại âm nhạc mới",1
"""Chị đại SM"" BoA chính thức đến Việt Nam nhưng không nhiều fan đón tại sân bay, lý do là gì?",1
"Lee Hyori: ""Ngôi sao hết thời"" cố vùng vẫy để không bị lãng quên?",1
SEVENTEEN - Nghệ sĩ K-Pop duy nhất lọt top Những chuyến lưu diễn có doanh thu cao nhất 2023,1
BLACKPINK sẽ có kì nghỉ ngắn trước khi tiếp tục lịch trình,1
"""Hot girl Tây Hồ"" Cici Anh Chi nhạc nào cũng nhảy, không hổ danh con gái JustaTee",1
"Thu Minh phản ứng ra sao khi bị nhận xét cũ kĩ, hết thời?",1
"Andree ""xâm chiếm"" MXH sau khi làm HLV Rap Việt",1
Bảo Anh thừa nhận bị miệt thị ngoại hình: Nhan sắc sau Giọng Hát Việt thay đổi thế nào?,1
"Bảo Anh - Văn Mai Hương ra 2 ca khúc buồn: 1 nam ca sĩ hát lại ""lấn lướt"" cả bản gốc?",1
"Không còn chiêu trò, Rap Việt còn gì?",1
"Văn Mai Hương: ""Tôi không may mắn trong chuyện tình cảm, nhưng lại có những nỗi buồn rất đẹp nên ...",1
Park Bom (2NE1) tái hiện hit hơn 10 năm tuổi: Ngoại hình khác lạ còn giọng hát thế nào?,1
"Lịch trình ""kinh hoàng"" của BLACKPINK: Liên tục bay khắp thế giới, hết Jisoo đến Jennie nghỉ chạy ...",1
Jennie rời sân khấu ngay khi đang biểu diễn vì lý do sức khỏe,1
Lynk Lee xác nhận đang có người yêu trên sóng truyền hình,1
"Vợ cũ Đan Trường khoe ảnh gia đình hạnh phúc dù đã ""đường ai nấy đi""",1
Sao nam lên hương sau vai diễn trong phim Trấn Thành nhưng phải ở ẩn 2 năm ...,1
"Hoà Minzy xuất hiện rạng rỡ, phản ứng sao về chuyện có tình yêu mới?",1
"Mỹ nhân Việt có thành tích cao nhất tại Miss World: Nhan sắc thăng hạng, sắp tái xuất cùng Hà Hồ - Thanh Hằng?",1
Chân dung bà xã quyền lực của MC Lại Văn Sâm: Chồng năn nỉ mới đi công tác cùng,1
"Sau phim Thương Ngày Nắng Về, Đình Tú - Huyền Lizzie lại ""thả thính"" ngọt ngào",1
Khán giả bênh vực khi Trấn Thành không kìm được nước mắt trên sóng truyền hình,1
NSƯT Hùng Minh cấp cứu,1
"Mỹ nhân Việt có thành tích cao nhất tại Miss World: Nhan sắc thăng hạng, sắp tái xuất cùng Hà Hồ - ...",1
"Bố đẻ Jun Phạm qua đời, dàn sao gửi lời chia buồn",1
Quang Anh và Yuno Bigboi tìm lại hào quang ở Rap Việt: Chuyện chẳng dễ!,1
"Trường Giang bất ngờ có phát ngôn về đời nghệ sĩ, Bích Phương - HIEUTHUHAI cùng dàn sao hội ngộ",1
Long Đẹp Trai xác nhận ly hôn sau khi lộ ảnh cưới vợ mới và mối quan hệ gây chú ý với người cũ,1
"Diệp Bảo Ngọc: Tôi hạnh phúc khi được ưu ái gọi là ""ngọc nữ màn ảnh"" tiếp nối chị Tăng Thanh Hà",1
"Sao Việt 3 lần đổi nghệ danh: Ngoại hình phát tướng, có người mới sau ly hôn nhưng gây lo lắng vì 1 ...",1
Thuỷ Tiên gây tranh cãi khi từng tuyên bố không hại một con kiến nhưng nay lại phá tổ yến,1
"Chi Pu khoe cận visual ""đỉnh chóp"" trên show Trung, màn thay váy trên sân khấu gây bão",1
"1 Hoa hậu Vbiz liên tục lộ hint, nghi vấn có tin vui sau 5 tháng kết hôn?",1
Huấn luyện viên The Face Vietnam nói thẳng về việc đối đầu The New Mentor,1
The Face Vietnam 2023: HLV Anh Thư phát biểu câu nào hài câu đó,1
Người Ấy Là Ai tập 5: Nữ chính là một người đẹp chuyển giới,1
Trường Giang chia sẻ bài học làm nghệ sĩ từng được Chí Tài truyền dạy,1
"Siêu mẫu Anh Thư: Tôi không cần vị trí đứng giữa, sợ con trai thi The Face vì...",1
Thí sinh The Face Vietnam 2023 lên tiếng sau khi thành tâm điểm vì thái độ chưa đúng mực,1
"Tập 2 The Face Vietnam 2023: Vũ Thu Phương yêu cầu thiếu thuyết phục, mâu thuẫn với Anh Thư",1
"Vũ Thu Phương chỉ mặt Kỳ Duyên: ""Chị nhường em hơi nhiều rồi nhé""",1
"Một địa điểm ở Việt Nam được Charlie Puth và dàn sao quốc tế lần lượt về diễn, loạt thần tượng Kpop chọn làm điểm đến du lịch!",1
"Chương trình: ''Làm đẹp từ tâm, nâng tầm nhan sắc'' - Cơ hội nâng mũi đẹp chỉ 0 đồng",1
Bác sĩ Yến Nhi chia sẻ hành trình giúp hàng trăm người điều trị mụn sẹo rỗ lâu năm,1
Thi thử IELTS chuẩn đề thi Hội đồng Anh,1
Đánh giá xe máy điện Yamaha NEO’S thắng giải thưởng thiết kế danh giá Red Dot 2023,1
Tài khoản Chọn tên Như ý: Từ xu hướng mới trở thành thói quen yêu thích của khách hàng,1
"Bỏ túi kinh nghiệm ôn tập và thi cử từ Hoa hậu Lương Thùy Linh, Quán quân Siêu Trí tuệ, MC Khánh Vy",1
Tiger Soju Infused Lager - Sản phẩm bia đồng hành cùng Siêu nhạc hội Seen Festival,1
"""Khoai tây Mỹ cho sức khoẻ như ý"" - hành trình gửi gắm thông điệp ăn lành sống khoẻ đến với mọi nhà",1
FPT Play phát sóng trực tiếp chung kết Miss Charm 2023,1
"Tăng Phúc hé lộ lý do ""ế bền vững"" khiến nhiều người ngỡ ngàng",1
Trực tiếp và độc quyền trên FPT Play: Màn trình diễn của Ngọc Châu tại chung kết Miss Universe 2022,1
Tin vui cho fan sắc đẹp: FPT Play trực tiếp và độc quyền chung kết Miss Universe 2022,1
O Sen Ngọc Mai ưu tiên truyền cảm hứng âm nhạc thay vì chạy show,1
Lý giải nguyên nhân nhóm Chi Pu nhận điểm thấp ở Đạp gió 2023,1
Người mẫu Vietnam's Next Top Model tái xuất sau khi vượt qua ung thư,1
Danh tính thật sự của khán giả trường quay Rap Việt,1
"Không phải Chi Pu, đây mới là mỹ nhân đẹp nhất show Đạp Gió 2023: Gia thế ""trâm anh thế phiệt"", 8 ...",1
"Chi Pu lộ tạo hình diễn See Tình ở show Trung Quốc: Visual sáng bừng khỏi cần ""rọi đèn pin""!",1
Trấn Thành vắng mặt khỏi show truyền hình sau lùm xùm phát ngôn,1
"PV độc quyền Lucie Nguyễn - Tuấn Dương: ""Lan Ngọc sẽ làm dâu phụ, mong Kỳ Duyên - Minh Triệu bắt ...",1
"Cát Tường gây sốc khi tiết lộ mâu thuẫn với Quyền Linh đến mức rời show, nam MC nói gì?",1
Sự kiện showbiz bất ổn mở hàng 2023: Chưa bắt đầu thì... Hương Giang bỏ về,1
Gia Đình Mình Vui Bất Thình Lình: Con trai lại gây chuyện khiến mẹ khóc nghẹn,1
Vì sao phim của NSND Lê Khanh lại bị hoãn chiếu lần thứ 3?,1
Khán giả lo ngại Cuộc Đời Vẫn Đẹp Sao đầu voi đuôi chuột,1
Quỳnh Lương chán ghét chính mình khi đóng vai quá ác,1
"Kiều Minh Tuấn tái xuất với tạo hình bất ngờ, hé lộ 2 bạn diễn lần đầu tiên hợp tác",1
"Cảnh xúc động nhất phim Việt hiện tại: Bố gục ngã vì một lý do, nói dối con khiến khán giả nghẹn lòng",1
"Đạo diễn Việt Nam thắng Cannes: Tôi không kỳ vọng doanh thu cao, chỉ mong phim sớm đến với khán giả ...",1
Bộ phim Việt Nam duy nhất tham dự LHP Cannes 2023 nhận tràng vỗ tay dài tới 5 phút,1
Khả Ngân: Tôi không ngại yêu bạn diễn,1
"Phương Nhi diện váy bó sát nổi bần bật giữa dàn sao, cặp nam chính Lật Mặt 6 cực bảnh ở thảm đỏ ra ...",1
"Duy Khương lộ diện sau ồn ào với Trấn Thành, Khả Ngân khoe visual ""chặt đẹp"" dàn sao ở thảm đỏ ra ...",1
Hari Won tiết lộ khó khăn lớn nhất của 2 vợ chồng,1
"Lý Hải - Minh Hà: ""Làm phim để khán giả xem xong than tốn tiền, mất thời gian, ở nhà ngủ sướng hơn ...",1
"LHP châu Á Đà Nẵng: Trấn Thành và Nhà Bà Nữ đại thắng bất ngờ, Đêm Tối Rực Rỡ chinh phục khán giả",1
"Nhà Bà Nữ thắng Phim Việt Nam hay nhất, Trấn Thành đoạt giải Đạo diễn xuất sắc tại LHP châu Á Đà ...",1
"Chú rể trốn đám cưới, cô dâu đuổi theo 20km bắt về",1
Nước mưa ở concert của Taylor Swift được rao bán với giá hơn 5 triệu đồng,1
Trúng số độc đắc nhờ... cãi nhau với chồng,1
Cặp đôi bị phạt hơn 12.640 năm tù giam vì tội lừa đảo,1
'Bay chức' vì bài phỏng vấn thực hiện bởi AI,1
Thả nhầm nghi phạm giết người vì lỗi đánh máy,1
Nhà mốt Pháp ra mắt mẫu túi xách nữ làm từ thiên thạch 55.000 năm tuổi,1
Tình nhân bỏ trốn cùng 30 con heo khi bạn trai nằm viện,1
Sao Arsenal 'chế giễu' Man Utd sau trận thua Newcastle,1
"Nhà đài chơi chiêu lừa khán giả, tung loạt poster phim 1.000 năm sau mới chiếu",1
Vợ tố cáo chồng mới cưới vì bị 'đào mỏ' mất 2 con bò,1
Người đàn ông phải trang điểm vì bị vợ 'này nọ' suốt 20 năm,1
Haaland văng tục trên truyền hình sau chức vô địch,1
Jennie Blackpink bị Cnet tố 'lười biếng' khi bất ngờ rời concert,1
"Squid Game 2 ‘tiêu tốn’ 100 tỉ won, ngang ngửa bom tấn Hollywood",1
Ngọc Sơn từ chối vai diễn đưa Lý Hùng nổi tiếng trong 'Bông hồng đẫm lệ',1
Diễn viên Bình Minh lên chức chủ tịch,1
"Phương Thanh, Thảo Trang bất ngờ hé lộ giá cát xê đi show ‘Muse it’ của Thu Minh",1
"6,7 triệu người xem Jungkook 'bắt chước' Hieuthuhai ngủ online",1
Song Joong Ki khoe ảnh nắm tay con trai đầu lòng,1
Nguyễn Trang Nguyệt Minh rạng rỡ lên đường dự thi Miss Teen Grand International,1
Top 7 phim Hàn có rating cao nhất nửa đầu năm 2023,1
HURRYKNG: Không nghĩ ngoại hình nổi bật đến mức người ta chỉ nhìn mà không nghe rap,1
Từ bỏ công việc ổn định sang Mỹ học ngành Y vì bạn trai mắc ung thư,1
Hot mom Bùi Khánh Hà trải lòng chuyện làm mẹ,1
ViruSs: “Cô đơn như một phần tất yếu với đàn ông”,1
Bí quyết làm nên hạnh phúc của mẹ đơn thân kết hôn với chàng trai kém 15 tuổi,1
"Chuyện tình 6 năm của nữ sinh ngành Y và chàng bác sĩ: Cô gái chủ động ""thả thính""",1
"Cặp đôi Gia Lai có chuyện tình “7 năm, 2 con người, 1 tình yêu”",1
Cựu Miss Teen Trang Thiên: “Có mẹ chồng là bác sĩ sản khoa như đi thi mà biết trước đề bài”,1
"Từng ám ảnh không dám soi gương sau sinh, mẹ 9x sinh lần 2 quyết tâm lên bàn đẻ vẫn phải đẹp",1
Cậu bé bán mận ở Mộc Châu quá duyên dáng rốt cuộc là ai?,1
Gặp chiến sĩ PCCC sinh năm 2003: Việc vất vả giúp mình trưởng thành hơn,1
Gặp gỡ Nhà Xoài Đây: Mẹ 9x chia sẻ quan điểm nuôi dạy con,1
CADMIUM - nữ sinh 2k6 khuấy đảo Rap Việt lần đầu nói về những bàn tán xung quanh mình,1
"Đem tiền về quê sống thử 1 tháng, chàng trai nhận ra cái giá của sự bình yên",1
"Thanh niên nhớ quay quắt vị cơm tấm, bún bò khi bỏ phố, tiết lộ 3 điều phải lường trước nếu chọn ...",1
"Hoàng gia Anh - ""Mỏ vàng"" của báo lá cải",1
Lãi suất cho vay cao có nguyên nhân ngân hàng là 'sân sau' của doanh nghiệp bất động sản?,1
"Bộ trưởng Anh ‘phá lệ’, tiếp quan chức cấp cao Đài Loan",1
Kinh tế Mỹ đã tươi sáng hơn?,1
Người đàn ông mở cửa máy bay ở độ cao hơn 200m 'để xuống máy bay nhanh hơn',1
Vụ tấn công trụ sở xã ở Đắk Lắk: Đối tượng 'ảo tưởng được ra nước ngoài',1
"Tiếp 'bạn lâu năm' Bill Gates, ông Tập Cận Bình nói gì?",1
Từ 0 đồng thành tỉ đồng,1
"Tham nhũng khi đang ""chống tham nhũng""!",1
Xâm phạm tình dục nhẹ tội hơn tiểu bậy... 10 lần,1
"Châu Âu hắt hơi, Mỹ cảm lạnh",1
"BTS có xứng đáng là ""người khổng lồ"" ở Kpop?",1
Những mối tình kín tiếng của Phương Oanh trước khi đăng ký kết hôn với Shark Bình,1
"Chân dung ""công chúa váy trắng"" trộm vàng ở Sơn La",1
Những vụ thu hồi nợ “dở khóc dở cười” mà công ty cho thuê tài chính gặp phải,1
Thanh tra Chính phủ chỉ ra nhiều sai phạm tại Khu liên hợp thể thao nghìn tỷ giờ để... nuôi gà,1
Hà Nội: Bệnh nhân đái tháo đường nhiễm trùng da nghiêm trọng chỉ vì thầy lang chữa bệnh bằng cách cho ong đốt,1
"Phát hiện 7 “nam thanh, nữ tú” mở tiệc ma túy tại chung cư và phòng trọ",1
"Bóng cười phạt xong lại bán, phải chăng là vì phạt quá nhẹ?",1
Lập lờ tỷ lệ '90-100% sinh viên có việc làm',1
"Bán ""giấy chứng nhận sức khỏe"" như bán rau, tiếp tay trục lợi bảo hiểm",1
Elon Musk: 'Nếu khôn ngoan đã không chi 44 tỷ USD mua Twitter',1
"Thiết bị ""tiết kiệm điện"" với ""bộ lòng"" siêu tiết kiệm",1
Trang phục xuyên thấu của vợ Brooklyn Beckham,1
Nhận án tử hình vì '300.000 đồng đổ xăng',1
Các cụ U90 'nghiện' đạp xe,1
Thời sự toàn cảnh trưa 17/6: Không thích TIỀN thì thích gì???,1
"Phút trải lòng của kẻ lừa đảo qua điện thoại, nghe vừa buồn cười, vừa thương",1
"Thời sự toàn cảnh trưa 26/5: ""Sugar baby – sugar daddy” núp bóng dịch vụ “thuê người yêu”",1
"SGDD ""tuyển trúng"" phóng viên VTV và cái kết ",1
Thời sự toàn cảnh tối 2/6: Cảnh báo lạm dụng “thần dược thông minh” gây ảnh hưởng thần kinh,1
"Viên uống chống nắng liệu có ""thần thánh"" như quảng cáo?",1
"Giấc mơ đổi đời tại ""thung lũng nghèo khổ"" ở Brazil",1
"Ukraine hạ 6 tên lửa ""bất khả chiến bại"", bắn rơi trực thăng Ka-52 Nga",1
"""Hoa hậu 6 con"" Oanh Yến: Mỗi lần sinh con là bán 1 căn nhà, giờ ra sao?",1
"""Siêu cò"" châu Âu: ""Quang Hải đã qua giai đoạn vàng để phát triển""",1
"Làm nhà ""xây không kịp bán, tranh nhau để mua"": Ngoài cười, trong khóc",1
"Nuốt tiền hối lộ để phi tang chứng cứ, cảnh sát mắc nghẹn phải nhập viện",1
"Nga dùng máy bay ném bom  ""Quái vật thời tiền sử "" Tu-95 và UAV ồ ạt tấn công Ukraine",1
"Hotgirl  ""Tina Dương "" Ninh Thị Vân Anh hầu tòa",1
"Ông Lưu Bình Nhưỡng: Bộ Công Thương thanh tra EVN cần tránh “chuyện nhà, đóng cửa bảo nhau""",1
" ""Hội Thánh Đức Chúa Trời mẹ "" hoạt động trái phép tại Thanh Hóa",1
"Nhìn sông Đà trơ đáy, người dân thở dài: Ngồi chơi là nhịn ăn, chịu rồi",1
"Không hỏi trước giá, du khách bị  ""chém đẹp "" 15 triệu cho 2 cốc nước và 1 bát mỳ",1
"Phó Chủ tịch huyện  ""mặc cả với nhà thầu "" thừa nhận sai phạm",1
"Đại biểu Quốc hội: Độc quyền phân phối, công nhân ghi số điện của EVN đông như quân Nguyên",1
"Đại biểu Quốc hội Phạm Văn Hoà: Để lỗ, thiếu điện kéo dài thì cần có văn hóa từ chức",1
Nguyên Bộ trưởng Thái Phụng Nê tiết lộ lý do vẫn mua điện Trung Quốc dù thừa điện tái tạo,1
"Ngôi làng giàu nhất Nghệ An: Có hơn 1000 tỷ phú, buôn đồng nát “xuyên quốc gia”",1
Phụ nữ Eskimo được chồng thoải mái cho ngủ với khách: Có con cả làng sẽ ăn mừng,1
Bắt giữ “hot girl” bán chất cấm ở Quảng Ninh,1
"Chuyện nóng: Nỗi sợ KOC, TikToker ảo tưởng quyền lực",1
"Xác minh, xử lý Tiktoker miệt thị người nghèo",1
"Chuyện nóng: ""Bẫy"" kiếm tiền từ TikTok",1
Bất chấp “câu view” trên TikTok,1
"Tràn lan tư vấn hướng nghiệp kiểu ""ngành vô dụng nhất"" trên Tiktok",1
"TikTok và những cuộc ""xâm lấn"": Lợi hại tích tắc",1
"Tiêu điểm: ""Dọn rác"" trên TikTok",1
"Dạy trẻ hay ""dọa"" trẻ",1
"Tiktok không chủ động ngăn chặn nội dung xấu độc, bất chấp vì views?",1
"Cô đồng xem bói ""đúng nhận sai cãi"" gây xôn xao MXH: Công an vào cuộc",1
Làm liều bất chấp nguy hiểm để “câu view” trên TikTok,1
Thói háo danh và nỗi buồn danh hiệu,1
Lá bài Tarot nhìn thấu vận đào hoa của bạn,1
Lẩu thập cẩm,1
"Vũ Ngọc Anh và Cường Seven tung ảnh cưới phá cách, xác nhận lên xe hoa vào tháng 7",1
SHOWBIZ MUÔN MÀU,1
Di chuyển một que diêm để 4-9=1 thành phép tính đúng,1
'Hồng lâu mộng' lên màn bạc sau 46 năm,1
Câu đố hack não: Cái gì của chồng vợ thích cầm nhất?,1
"Choáng với 'thiên tài nhí' 18 tháng tuổi đọc thạo chữ số 
 bằng song ngữ",1
Biếm họa,1
Hãi hùng với dịch vụ đòi nợ thuê '3 đầu 6 tay',1
"Nhà hàng pizza cho khách 'ăn bây giờ, trả tiền ở kiếp sau'",1
Chàng trai mơ ước cùng mẹ 'đi khắp thế gian',1
Thầy bói nắm tay người đẹp phán đâu trúng đó,1
Màn bắt cá siêu đỉnh của chú mèo khiến ai cũng trầm trồ,1
'Hàm chó vó ngựa' và 'nó hiền lắm',1
Đứa con trai đứng bên lề gia đình hạnh phúc,1
Ảnh cưới cũ Song Hye Kyo và Huỳnh Hiểu Minh bất ngờ hot trở lại,1
Sức khỏe,1
Đời cười,1
Thể thao cười,1
Tin ...Tức Cười,1
"Chở gia đình về quê, anh chồng 'đánh rơi' vợ mà chẳng hay",1
Chuyển mạng giữ số kiểu quan tham,1
Hoa hậu chuyển giới Philippines suýt lộ hàng váy xuyên thấu,1
Cách hành xử trên xe buýt tiết lộ bạn là vua hay nô lệ của tình yêu,1
'Tình anh bán chiếu' trở thành đại gia,1
Dậy sóng với phát ngôn của Song Joong Ki: 'Làm cha đồng nghĩa với mất việc',1
Một trường hợp 'khiêm tốn' khi bị cảnh sát giao thông thổi phạt,1
Hai Lúa lên đời vì trồng lúa lời tới 100%?,1
"'Trái tim tan vỡ' khi đau lòng có thể... tới công chuyện, nếu...",1
Nhà vệ sinh: Nỗi ám ảnh của du khách nước ngoài tại TP.HCM,1
Trường hợp cần tách rời và trường hợp cần gắn chặt,1
Nhà thằng Tí 'update' hệ thống chiếu sáng mát lạnh,1
SEA Games bình dân giành HCV dạng lỏng,1
"""Trách nhiệm"" trong hơn nước Sông Đà",1
Ông này sẽ chịu trách nhiệm,1
"Kỳ ghê, Hoa hậu Hoàn vũ Ngọc Châu vẫn chưa tốt nghiệp đại học",1
Thằng Tí và nghi án đôi dép đỏ,1
Thời tiết mùa này: Ướt mèm hoặc chảy mỡ!,1
"Cuối cùng, chú quạ không còn kêu 'quà, quà'",1
Dạy thằng con lớp 1 tập đọc méo cả miệng,1
Phan Hiển chọn Pháp cho bộ ảnh cưới vì những ngày tháng thanh xuân vất vả của Khánh Thi,1
Hậu trường ảnh cưới khiến nhiều người ngã ngửa (P2),1
Thuốc lá vừa đốt tiền vừa đốt sức khỏe,1
Tạm biệt mùa mưa ngập ngụa!,1
"Cô hồn sống, cô hồn chết",1
"Song Joong Ki lộ mặt già nua, vóc dáng gầy gò thiếu sức sống",1
Choáng: Hari Won định 'đi bụi' từ năm ba tuổi,1
Song Joong Ki xấu trai đến hú hồn trong phim chiếu tại Cannes 2023,1
"Lý do Lee Je Hoon, Song Joong Ki, Lee Jong Suk rớt đề cử Baeksang 2023",1
"Bạn thân 'báo quá báo': Đóng giả bạn trai qua mạng suốt nhiều năm, lừa gần 7 tỉ đồng",1
Dân mạng ngả mũ thán phục tài photoshop của 'cô dâu 17 tỉ',1
Người người nhà nhà học lái xe vì tin đồn,1
Trung Quân lần đầu cover ‘Như lời đồn’ khiến Bảo Anh có nguy cơ 'mất hit',1
Chảy máu chân răng- triệu chứng xuất huyết não?,1
Thần tượng nhầm danh thủ Messy,1
"Tài xế dằn mặt CSGT bằng ""lệnh bài miễn tử""",1
Quân A.P 'leo' Top 1 iTunes nhờ màn độc thoại về người yêu cũ,1
Những cơn đau nhiều khi là... giả bộ!,1
Dân mạng cùng chúc ca mổ song sinh dính liền phức tạp nhất Việt Nam thành công mỹ mãn,1
Hộp thư đến trong thời phân lô bán nền,1
"Bị phá đám khi cầu hôn, cầu thủ suýt hạ đo ván bảo vệ trên sân",1
Người yêu cũ đi làm 'cò' đất,1
'Thánh cosplay giá rẻ' khiến mọi người cười... rụng rốn với màn hóa trang Wednesday,1
Sinh lợi bền vững nhờ... fake news,1
Bàn thắng 'ăn trộm' của Gonzalo Ritacco,1
"Hóa trang Halloween: Ăn đáng sợ, học cũng đáng sợ",1
Học làm giàu thời dịch,1
Từ đại tỷ đọc lệnh tới chuyên gia thổi nến,1
Những pha rê bóng lắt léo qua người đẳng cấp của Pele,1
Hari Won mong con có 'cái đầu' của Trấn Thành,1
"Trình độ tiếng Việt chỉ ở lớp... 2 rưỡi, tiết lộ gây sốc của Dương Triệu Vũ!",1
Ảnh vui 17-12: Anh Phú Lộc nhận lương 110.000 đồng khiến Tết dường như xa lắm,1
Cầu thủ ôm hận vì cởi áo ăn mừng bị trọng tài rút thẻ đỏ,1
Chồng bị vợ cho ăn cơm không khí,1
Bỏ nhà đi bụi vẫn không quên đồ thiết yếu,1
Những nghịch lý hài hước trong cuộc sống,1
Ảnh vui sao Việt 4-4: Hoa hậu H'Hen Niê khoe cận cảnh mặt mộc,1
Nhân viên kỳ cựu của Mr. Thần Chết xin nghỉ hưu,1
Lý Toét - Xã Xệ lên thành phố,1
'Rần rần' với nụ hôn bà xã dành cho Elvis Phương và Lâm Nhật Tiến dành cho Hồ Hoàng Yến,1
"Xì-tai ""hiếp hốp"" xin tiền",1
Đề xuất hết hồn: Lấp hồ Thành Công xây chung cư,1
Vườn hồng nhà Khánh Thi – Phan Hiển nở rộ trên sân thượng 350 m2,1
Sao Việt ‘sông quê’ vì ‘trượt vỏ chuối’ trên thảm đỏ,1
Streamer mukbang xứ Trung qua đời vì sở thích 'ăn thùng uống vại',1
Ảnh vui 10-5: Chú chuột chắp tay cầu nguyện chích không đau,1
Chảy máu chân răng là triệu chứng của ung thư?,1
Đồng đội chắp tay lạy thanh niên chân gỗ như 'Lautaro Martinez' trên sân bóng phủi,1
Lý do bất ngờ khiến gia chủ ngủ không ngon,1
Nghệ sĩ hài Giang Còi tiết lộ bệnh tình: ‘Thần chết luôn rình rập',1
Nỗi buồn của 'đá' - Từ Qatar đến vỉa hè Hà Nội,1
Khu đô thị 'xanh cỏ',1
"Rút thẻ vàng, trọng tài còn lên gối vào 'chỗ hiểm' cầu thủ",1
YouTuber Tam Mao bán chó gây phẫn nộ: Treo bé cún lủng lẳng trên xe,1
Ảnh vui sao Việt 16-10: Pha Lê tình cờ gặp Hoài Linh ở Thái Lan,1
Thù lao của Hoài Linh và nghệ sĩ hài khi hát đám cưới là bao nhiêu?,1
Nghệ sĩ hài Việt duy nhất nhận thư cảm ơn từ Châu Tinh Trì là ai?,1
Ảnh vui sao Việt 14-4: Hoa hậu Thùy Tiên đọ sắc Tiểu Vy qua camera thường,1
Ảnh vui sao Việt 10-4: Ngọc Trinh vui đùa cùng cháu gái,1
Ông ngoại giải nỗi oan 'Con nhà người ta',1
Ảnh vui sao Việt 6-4: Diệu Nhi bị ‘chọc quê’ khi đang xin lộc,1
Chữa nổi da gà bằng cách nào?,1
Hy hữu: Tia nắng chiếu thẳng vào Messi như 'người được chọn',1
Quá liều paracetamol…,1
Khi showbiz Việt thi triển võ học Kim Dung,1
Thái Lan cho phép khách hàng mang thú cưng vào rạp phim,1
"Hồng Tơ nhớ thời chạy 13 show 1 đêm, được ưu ái khiến đồng nghiệp khó chịu",1
Xuân Bắc lần đầu 'bóc phốt' kẻ thù lại bị 'tuýt còi' khiến netizen cười như nắc nẻ,1
"BB Trần, Hải Triều làm phù dâu cho đám cưới Diệu Nhi - Anh Tú",1
Vào sở thú trộm trứng cá sấu về ấp thành thú cưng,1
"Chàng trai nuôi cá sấu: Ôm như thú cưng, chẳng ngại hun chùn chụt",1
"Mỹ Diệu 'xâm chiếm' mạng xã hội, thành đại sứ thương hiệu loạt brand đình đám",1
'Mỹ Diệu' là ai mà hội yêu mèo nhắc hoài?,1
Danh tính YouTuber thu nhập khủng nhất thế giới gây ngỡ ngàng,1
Ảnh vui sao Việt 14-10: Đức Phúc - Erik thừa nhận ‘quá khứ không dễ gì giấu giếm’,1
NSND Hồng Vân sởn người kể chuyện tâm linh khi nhận vai thứ phi Phương Nhậm trong 'Phượng Khấu',1
"Bị chơi xấu, thủ môn 'triển' kungfu vào đối thủ",1
Hoài Linh bất ngờ khoe đôi chân cực phẩm trên cơ thể cò hương,1
Ngủ ít vẫn sống khỏe vì đột biến gen,1
"Hai cô gái hoảng hồn với 'chó nhà mình ngoan lắm, bạn cứ vào đi'",1
Chân Tử Đan tạo ra 'Kiều Phong' mạnh nhất trong lịch sử phim kiếm hiệp ra sao?,1
"Nhân viên vệ sinh đổi đời nhờ phát hiện 1,4 tỉ giấu trong toilet",1
Không gian lễ vu quy đậm phong cách xưa của cô dâu Liêu Hà Trinh,1
Cậu con rể quốc dân - Năm ấy chúng ta cùng theo đuổi,1
Jennifer Phạm chọn 'style lạ' tại họp báo Hoa hậu Quý bà Việt Nam toàn cầu 2023,1
"Người ôm pháo hoa chưa kịp hạ nhiệt, Đông Nhi tung tiếp đĩa vật lý và MV cho single mới",1
Ảnh vui sao Việt 16-3: Bố con Ông Cao Thắng 'trốn' Đông Nhi đi bơi,1
"'Thả bom' không đúng chỗ, làm sao thoát kiếp nạn này?",1
Điều gì xảy ra với đàn ông nếu bị vợ cho ‘nhịn yêu’ quá lâu,1
"Vạn Ỷ Văn: Nàng á hậu khiến Chân Tử Đan bỏ vợ con, quỳ gối cầu hôn",1
Chân Tử Đan tuyên bố không có đối thủ... trên phim,1
Người đẹp nhấc tạ một tay làm thanh niên tập gym ê chề trước 2 cô gái,1
"Trình diễn như tấu hề, 'hotgirl trứng rán' Trần Thanh Tâm bị loại thẳng tay ở Miss Fabulous",1
Nghị sĩ Scotland vụt nổi tiếng nhờ... cái đuôi của mèo cưng,1
"Tóc Tiên bất ngờ hô nhà có trộm, phán ngay: 'Nuôi ong tay áo'",1
Cô gái bối rối khi MC hỏi 'con trai cái gì quý nhất?',1
Xúc động với tâm sự trai FA ngày giãn cách,1
"Quá kiêng khem chất béo, phái mạnh coi chừng giảm 'chất' đàn ông!",1
Dư lượng Viagra cao ngất ngưởng trong nước cống tại Seoul,1
Loại rau tốt gấp 10 lần củ khoai lang,1
"Chỉ sau 1 ngày bỏ thuốc lá, rối loạn cương dương giảm đến 40%!",1
"Đậu đen 'cân' cả rối loạn cương dương, tốt cho bà bầu, ổn thần kinh",1
Lạ lẫm với bữa tiệc ‘Cơm Tấm’ mà Blaka và Tổ Quạ chiêu đãi tín đồ yêu rap Việt,1
Avatar 2 chưa chiếu tại Việt Nam đã thu 15 tỉ,1
Cô gái nhăn mặt sau cú ngã dập mông vì chàng trai lấy ghế không hay biết,1
Người đàn ông cả ngày cùng cảnh sát vào rừng tìm kiếm…chính mình!,1
Công dân ưu tú bỗng bị bắt vì có khuôn mặt ‘như hai giọt nước',1
"Nữ võ sĩ gây sốc khi bán 'ảnh nóng', đạp lên dư luận",1
"Nữ võ sĩ ngất xỉu trong lúc cân, sự thật khiến ai cũng xót xa",1
Nữ võ sĩ mặt biến dạng sau cú húc đầu của đối thủ,1
Chủ tịch Miss Fabulous International đu người như diễn xiếc để trao vương miện,1
Cậu Vàng được chủ dạy diễn xuất siêu hài,1
Câu đố: Ai là kẻ đã trộm tiền của nhà hàng?,1
'Không gian khác' có gì hot mà vợ chồng Tóc Tiên tay trong tay thưởng thức?,1
"Đăng hình ngày Tết, Tóc Tiên và chồng bị trêu giống 2 nhân vật này",1
"Ra mắt 'Bigcityboi', Binz khẳng định: 'Đây là sản phẩm tôi tâm đắc nhất'",1
Nước đậu đen: 5 lợi ích khi uống và những điều cần tránh,1
Người phụ nữ cuống cuồng lấy bìa các tông dập lửa xe máy cháy bình xăng,1
"Muốn cải thiện tâm trạng, mắt sáng, tóc đẹp thì hãy...ăn kem",1
"Hạ đối thủ sau 20 giây, võ sĩ có 'cú knock-out nhanh kỷ lục'",1
Thử tài đuổi hình bắt chữ (P1),1
Tung tuyệt chiêu 'vô ảnh thủ' đưa đối thủ vào giấc ngủ,1
Trần Phong nhận vô số khen chê vì vai tự kỷ trong ‘Good Doctor’ bản Việt,1
Trọng tài kết thúc trận đấu sau 30 giây vì... 'quá chán',1
"Võ sĩ rơi vào hôn mê, nguy kịch sau khi dính đòn từ đối thủ",1
"Võ sĩ MMA bị đấm gục trên sàn đấu, người bạn nổi giận tấn công đối thủ",1
"Võ sĩ giang hồ 150kg tung cú đấm búa tạ, hạ đối thủ sau 90 giây",1
Phẫn nộ bài thơ Lượm bị chế lời trên TikTok,1
Những dáng ngủ siêu bá đạo của con khiến bố mẹ ôm bụng cười,1
"Vừa tái xuất 'Người ấy là ai?', Trấn Thành đã bị 'ném đá'",1
Dự đoán trận Nhật Bản - Tây Ban Nha tại bảng E đầy 'bất ổn',1
Cách để bán cây 'đắt như tôm tươi' mà không cần đến sự may mắn định mệnh,1
"Katy Perry cư xử thô lỗ, ê kíp American idol muốn cắt hợp đồng",1
Ca sĩ Lân Nhã: Tôi là người may mắn chứ không ‘nhọ’ lắm đâu,1
"Trượt chân ngã, cầu thủ đứng dậy dáo dác tìm bóng",1
Cơm bán trú vừa ăn vừa... run,1
"Tuổi thơ phải dậy sớm đi học, lớn lên sẽ ngủ bù, làm gì căng!",1
Nỗi khiếp sợ thực sự của tụi con nít,1
Đại dịch Cô Nghèo 18+ bùng phát dữ dội.,1
"Bé Jazz, hươu cao cổ mồ côi nổi tiếng đã qua đời",1
Thú vị xoay quanh những khái niệm thường dùng trong đại dịch,1
Covid-19 tại châu Phi: Những thành công bị ngó lơ,1
"Loạt show Đà Lạt bị hủy, Lân Nhã, Nguyễn Minh Cường chủ động hoàn vé",1
Dân văn phòng và những chuyện không tưởng nơi công sở,1
Bác sĩ thú y mừng rỡ khi cứu được chú rắn nuốt phải khăn tắm,1
Nỗi khổ của 'bố học sinh',1
Hai bố con 'tốc biến' cực nhanh khi thấy mẹ có hành động lạ,1
Ăn cá biển có bị độc không?,1
SEA Games cuộc đời: Lạ mà quen,1
Top 5 chuyện lạ lùng ở SEA Games 32 (P3),1
Những môn thể thao mạo hiểm nhất quả đất,1
Những nhân tài Olympic chưa được khai quật,1
Show ca nhạc: Nghệ sĩ rủ nhau lên Đà Lạt,1
Thực phẩm nhà làm khỏi cần nhãn mác,1
7 bí quyết để dậy sớm tập thể dục thành công,1
Hết chức vẫn giữ nhà công vụ làm kỷ niệm,1
Chi 269 tỷ tặng ấm chén cho toàn dân: Nếu không dùng thì có thể trưng bày,1
9 nhóm nhạc giàu nhất Kpop,1
"Bé Na lăng xăng bò, thú cưng ngủ vùi ở khoang hành khách xe khách",1
Nữ doanh nhân vừa chấm muối ăn xoài ăn ổi vừa... chấm thi hoa hậu,1
Hình ảnh đầu tiên của HH Hoàn vũ 2021 Harnaaz Sandhu tại Việt Nam,1
"Từng là thí sinh 'hot' của Gương mặt thân quen, Hòa Minzy trở lại với vai trò mới",1
Rộ tin Phạm Hương về nước dự chung kết Hoa hậu hoàn vũ Việt Nam?,1
Không ngờ ông thầy bói phán như bác sĩ,1
'Vua nhạc sến' Ngọc Sơn tiết lộ lí do vẫn còn 'chăn đơn gối chiếc',1
"Chỉ mới quan hệ được 2 phút đã xuất tinh, khắc phục như thế nào?",1
Sự tích cô chiêu cậu ấm,1
"Đàn ông mặc quần bó, đi xe đạp, xông hơi nhiều thường sinh con gái",1
"Bị chê 'phèn' tại Ca sĩ mặt nạ, Tăng Phúc tung ngay MV 'rửa phèn' sau lộ diện",1
Chàng Lúa Tăng Phúc nhận lượng anti-fan sau khi tham gia 'Ca sĩ mặt nạ',1
Tăng Phúc tiết lộ 'điểm tựa tinh thần' duy nhất trong cuộc sống,1
Tăng Phúc 'đãi' fan bằng liveshow xịn xò tại Đà Lạt,1
Sân khấu Trống Đồng hồi sinh trong hình hài Mây Lang Thang,1
Bạch Tuyết không sợ táo độc,1
Lộ ngày cưới của hoa hậu Đỗ Mỹ Linh và bạn trai thiếu gia,1
Cận cảnh vương miện 'Vô cực' của Tân Hoa hậu Hoàn vũ qua cam thường,1
Những bài học về phụ nữ #4: Một tí thôi!,1
Phạm Hương bị chê kém duyên khi ghép đè ảnh vào dàn Hoa hậu Hoàn vũ,1
Phạm Hương 'nghiện' khoe biệt thự với góc check-in nóng bỏng trong phòng ngủ,1
Sao nhí Khả Hân ‘copy’ giọng Phương Thanh giống đến bất ngờ,1
"Ấn tượng Phi Nhung, Đan Trường và Deasung phiên bản nhí xuất hiện cùng sân khấu",1
"Sau 10 ngày 'xuống tóc', Đại Nghĩa trở lại trường quay 'Gương mặt thân quen'",1
Xuất hiện... 3 Hòa Minzy quẩy cực sung ở 'Gương mặt thân quen' 2022,1
"Bất ngờ nhan sắc gây tranh cãi của 'bà trùm' son 3CE, gầy dựng đế chế hàng trăm triệu đô bao người khát khao",1
"Ô kìa, Đại Nghĩa 'bắt tay' Hòa Minzy, Long Chun đi tìm quán quân Gương mặt thân quen",1
Gặp lại thầy bói sau 3 thập kỷ,1
Hậu trường 'Người giữ thời gian' của Mỹ Tâm có gì khiến fan thích mê,1
Thầy bói cũng bó tay,1
Người bị tiểu đường có nên ăn trái cây không?,1
Xuất hành hướng nào cho phát tài?,1
"Miệng thường xuyên mặn chát, cẩn thận dính tiểu đường",1
MC thể thao Mai Anh bất ngờ lấn sân sang ca hát,1
"Sai lầm khi ăn miến khiến nhiều người dễ tăng cân, tiểu đường",1
5 dấu hiệu ở mắt cần phải đi khám gấp,1
Mối liên quan không ngờ tới giữa ngứa và ung thư,1
Ngọc Sơn phá lệ không tổ chức sinh nhật để hát tưởng nhớ nhạc sĩ Lam Phương,1
"Ngọc Sơn mặc áo bà ba, làm vườn trong MV mới",1
Lương Bích Hữu hát ‘Thần Tài đến’ bằng tiếng Hoa làm khán giả thích thú,1
Ngọc Sơn từng bị Quyền Linh trêu giống… khỉ,1
15 ứng cử viên 'đắt giá' cho vương miện Hoa hậu Môi trường Việt Nam,1
Dàn nhan sắc 20 năm của Hoa hậu Trái đất Việt Nam hội tụ,1
Thám tử cá mập điều tra vụ đứt cáp,1
Julia Fox soán ngôi mỹ nhân mặc sốc nhất thảm đỏ Cannes 2023,1
Đen kể lại hành trình mời nhạc sĩ Trần Tiến hợp tác trong bài rap,1
Lã Thanh Huyền đời thực sang chảnh sao cứ lên phim lại thành 'thảm họa'?,1
Mã Hiểu Đông vướng tình tay ba trong phim xưa 'Lỗi đạo cang thường',1
"'Đấu tố' ban tổ chức cuộc thi vô tâm, tân Hoa hậu Hoàn vũ bị tước vương miện",1
"'Out top 10', Thiên Ân mất cơ hội chạm tay 10 vương miện Miss Grand International",1
Lộ diện dàn thí sinh Miss Peace Vietnam 2022 đẹp một chín một mười,1
"Bất ngờ danh tính nữ tỉ phú trẻ nhất Trung Quốc, tưởng ai lạ hoá ra quen quá!",1
‘Thiên hậu Hong Kong' Dung Tổ Nhi bị trộm cuỗm đồ trong chuyến lưu diễn,1
Mỹ nhân Ấn - Harnaaz Sandhu có 'lovesight' cực xịn với fan Việt,1
Lý lịch xịn xò của 'Miss Peace Vietnam 2022' Trần Thị Ban Mai,1
Phạm Hương đón sinh nhật cùng con trai và... nhẫn kim cương siêu to ở trời Tây,1
"Khi trang điểm, sao Việt nào cũng thành mỹ nhân, mặt mộc ai mới đỉnh nhất?",1
Julia Fox và những outfit làm đảo lộn giới thời trang,1
Đông Nhi trình diễn trong đêm bán kết 'Hoa hậu môi trường Việt Nam',1
H'Hen Niê hạn chế mặc nhiều trang phục để bảo vệ môi trường,1
Bí mật bên trong 'lò vắt mỡ' giúp nam thanh nữ tú lột xác ngoạn mục,1
Hoa hậu H'Hen Niê ngồi ghế giám khảo Hoa hậu Hoàn vũ Việt Nam 2021,1
MC VTV có màn cà khịa chuyện tiền từ thiện cực gắt,1
Béo phì có làm giảm hiệu quả vaccine?,1
"'Tân binh rich kid' Kiey ra mắt MV đầy sáng tạo, đưa ra góc nhìn khác biệt khi chia tay",1
Đen Vâu cùng Hồ Ngọc Hà góp giọng trong ca khúc chủ đề SEA Games 31,1
"Trước khi làm MC, Quyền Linh từng đi vỗ tay ở game show được 20.000 đồng mỗi ngày",1
Danh ca Thái Châu: Tôi mang ơn nhạc sĩ Lam Phương,1
Gia đình mời viết về cuộc đời và sự nghiệp nhạc sĩ Lam Phương,1
Kaity Nguyễn lần đầu đóng phim điện ảnh cổ trang,1
"Diễm Hương xinh đẹp tuổi 52, tái ngộ Lý Hùng sau 30 năm 'ở ẩn'",1
Việt Trinh một lần nói hết lý do không cưới Lý Hùng,1
NSND Lý Huỳnh và những dấu ấn khó phai với điện ảnh Việt,1
Lý Hùng tiết lộ tâm nguyện cuối của cha liên quan đến miền Trung,1
Dàn sao Việt tiếc thương NSND Lý Huỳnh,1
4 anh thầy giáo ngoại quốc tập hát online dù 'cá mập cắn cáp',1
"Bị huỷ show hàng loạt, Hoàng Rapper làm MV để 'nói lên nỗi niềm'",1
'Thiên đường ẩm thực' nhận dislike khủng vì Trường Giang thiên vị?,1
Khách mời 'Thiên đường ẩm thực' bênh vực host Trường Giang,1
"Đoạt á quân 'Én vàng nghệ sĩ 2020', Bảo Kun chính thức chuyển hướng làm MC",1
MC Hoàng Rapper: 'Cầm cục vàng chưa chắc sướng bằng ẵm con đầu lòng',1
"Cây táo nở hoa tập 19: Bất mãn cha mẹ, con gái Ngọc định tự tử",1
Hai nhà thiết kế Việt giúp hoa hậu Canada tỏa sáng ở Miss Universe 2022,1
Sao nữ 'School 2017' Song Yoo Jung qua đời ở tuổi 27,1
"Hoa hậu Ban Mai xinh tươi về thăm trường cũ, giao lưu truyền cảm hứng cho đàn em",1
Độc lạ như Paris Fashion Week: Váy áo để ẵm để bồng!,1
MC Quyền Linh 'bắt tay' Tăng Duy Tân gây chấn động với 'Bên trên tầng lầu',1
Ảnh vui 5/10: Dân mạng cười bò khi thấy 'hoàng thượng' làm shipper,1
Ảnh vui 4/10: Trái khổ qua chín tận gốc làm dân tình tò mò khó hiểu,1
Đen Vâu 'gom sạch' giải 'Làn sóng xanh' nhờ 2 bản siêu hit này,1
Hương Giang bị 'trà xanh' đã xinh còn thông minh dạy đời,1
"Lý Hùng - Việt Trinh tái ngộ, song ca mừng hoa hậu Phương Lê",1
Ảnh vui sao Việt 25/7: Bố con Xuân Bắc 'nhà chả có gì ngoài mũ cối',1
Lam Phương và những album còn mãi với thời gian,1
Xem 'Không sợ hãi' để... không từ bỏ,1
Đức Tuấn mất 6 năm và 1 tỉ đồng để có được album Lam Phương - 'Trọn một kiếp yêu',1
Cặp đôi 'bom tấn 18+': Sarah Shahi và Adam Demos chính thức hẹn hò,1
Những cặp đôi 'bách hợp' Hoa ngữ khiến khán giả ngẩn ngơ,1
Đã đến lúc 'update' vaccine Covid chưa?,1
